Unnamed: 0,Product ID,Company,Product Name,Price,Rating,Reviews
0,1213375,Samsung,Galaxy Fold 8 Ultra 16/1TB Graphite (SM-F976BZKNSEK),117999,100,2
1,1213385,Samsung,Galaxy Fold 8 12/512GB Graphite (SM-F971BZKCSEK),90999,100,2
2,1213393,Samsung,Galaxy Flip 8 12/512GB Pink (SM-F776BLIHSEK),64999,0,0
3,1183684,Xiaomi,REDMI Note 15 Pro 8/256GB Black,14999,"96,42",194
4,1170490,Apple,iPhone 17 Pro 256GB Cosmic Orange (MG8H4),66999,"98,90",805
5,1195298,Samsung,Galaxy A37 5G 8/256GB Charcoal (SM-A376BZAGEUC),22999,"93,33",36
6,1195181,Xiaomi,REDMI A7 Pro 4/128GB Black,7299,"88,88",21
7,1190104,Samsung,Galaxy S26 Ultra 12/512GB Black (SM-S948BZKGEUC),70999,"93,5",48
8,1201326,Xiaomi,17T 12/256GB Black 2602DPT53G,29499,"94,85",124
9,1095927,Apple,iPhone 16 128GB Black (MYE73),43499,"98,37",189
10,1195289,Samsung,Galaxy A57 5G 8/256GB Navy (SM-A576BDBDEUC),26999,"89,81",59
11,1195056,Realme,15 5G 12/512Gb Suit Titanium (RMX5106),19999,"97,2",66
12,1210434,Samsung,Galaxy A27 5G 8/256 BLACK (SM-A276BZKCEUC),18999,"98,00",15
13,1170499,Apple,iPhone 17 Pro Max 256GB Cosmic Orange (MFYN4),72999,"98,90",805
14,1165850,Moto,Edge 50 fusion 8/256 Forest Blue (PB3T0047RS),12499,"97,37",408
15,1163425,Xiaomi,REDMI 15C 4/128GB Midnight Black,6999,"95,72",392
16,1183672,Xiaomi,REDMI Note 15 6/128GB Black,9699,"95,47",168
17,1201338,Xiaomi,17T Pro 12/256GB Deep Violet 2602EPTC0G,38999,"97,75",117
18,1191429,Poco,X8 Pro Max 12/256GB Black,27999,"97,27",189
19,1165858,Moto,G06 4/64 TAPESTRY (PBA20002UA),5199,"96,03",132
20,1190114,Samsung,Galaxy S26+ 12/512GB Cobalt Violet (SM-S947BZVGEUC),60999,"96,10",124
21,1168126,Samsung,Galaxy S25 FE 5G 8/256GB JETBLACK (SM-S731BZKGEUC),32499,"95,69",76
22,1186350,Xiaomi,17 Ultra 16/512GB Black 2512BPNDAG,69999,"95,89",68
23,1195239,Nothing,Phone (4a) 12/256GB Black,26999,100,4
24,1004578,Apple,iPhone 15 128GB Black (MTP03),38499,"98,19",739
25,1163429,Xiaomi,REDMI 15C 8/256GB Midnight Black,8999,"95,72",392
26,1191425,Poco,X8 Pro 8/256GB White,20499,"94,51",139
27,1183687,Xiaomi,REDMI Note 15 Pro 5G 8/256GB Black,17999,"97,47",102
28,1170491,Apple,iPhone 17 Pro 256GB Deep Blue (MG8J4),66999,"98,90",805
29,1191433,Poco,X8 Pro Max 12/512GB Blue,29999,"97,27",189
30,1190102,Samsung,Galaxy S26 Ultra 16/1TB Cobalt Violet (SM-S948BZVHEUC),79999,"96,10",124
31,1170498,Apple,iPhone 17 Pro Max 256GB Silver (MFYM4),72999,"98,90",805
32,1166780,Samsung,Galaxy A17 8/256GB BLACK (SM-A175FZKEEUC),12999,"98,00",36
33,1201340,Xiaomi,17T Pro 12/512GB Deep Blue 2602EPTC0G,40999,"97,75",117
34,1190127,Samsung,Galaxy S26 12/256GB White (SM-S942BZWGEUC),45999,"96,10",124
35,1201342,Xiaomi,17T Pro 12/1T Black 2602EPTC0G,46999,"97,75",117
36,1183677,Xiaomi,REDMI Note 15 8/256GB Purple,10999,"95,47",168
37,1170482,Apple,iPhone 17 256GB Lavender (MG6M4),49799,"98,69",298
38,1163419,Xiaomi,REDMI 15 6/128GB Midnight Black,8999,"94,50",336
39,1133798,Samsung,Galaxy A26 5G 8/256 Black (SM-A266BZKCEUC),12999,"96,08",273
40,1164535,Nubia,Neo 3 5G 8/256GB Black,8499,"86,45",36
41,1183690,Xiaomi,REDMI Note 15 Pro 5G 8/256GB Titanium Color,17999,"97,51",223
42,1190121,Samsung,Galaxy S26 12/512GB Sky Blue (SM-S942BLBHEUC),51999,"96,10",124
43,1167236,Moto,G06 Power 4/256 Tapestry(PBA00000UA),7399,"91,5",91
44,1166786,Samsung,Galaxy A07 4/128Gb BLACK(SM-A075FZKGSEK),5499,"94,96",160
45,1201332,Xiaomi,17T 12/512GB Violet 2602DPT53G,31499,"94,85",124
46,1201336,Xiaomi,17T Pro 12/256GB Black 2602EPTC0G,38999,"97,75",117
47,1119932,Samsung,Galaxy A16 4/128 BLACK (SM-A165FZKBEUC),7999,"97,14",115
48,1183674,Xiaomi,REDMI Note 15 6/128GB Purple,9699,"95,47",168
49,1183685,Xiaomi,REDMI Note 15 Pro 8/256GB Glacier Blue,14999,"96,42",194
50,1187095,Moto,Signature 16/512Carbon (Dark Blue)(PBAB0045RO),44999,"97,57",54
51,1191432,Poco,X8 Pro Max 12/512GB Black,29999,"97,27",189
52,1125311,Samsung,Galaxy S25 Ultra 12/512 Black (SM-S938BZKGEUC),64599,"98,2",228
53,1201331,Xiaomi,17T 12/512GB Blue 2602DPT53G,31499,"94,85",124
54,1201337,Xiaomi,17T Pro 12/256GB Deep Blue 2602EPTC0G,38999,"97,75",117
55,1183694,Xiaomi,REDMI Note 15 Pro+ 5G 12/512GB Black,23999,"94,42",213
56,1183676,Xiaomi,REDMI Note 15 8/256GB Glacier Blue,10999,"95,47",168
57,1188435,Moto,G17 Power 8/256 Evening Blue (PBBM0005RS),8499,"99,09",23
58,1146834,Xiaomi,Redmi A5 4/128GB Midnight Black,5299,"98,61",40
59,1168127,Samsung,Galaxy S25 FE 5G 8/256GB NAVY (SM-S731BDBGEUC),32499,"98,72",156
60,1201330,Xiaomi,17T 12/512GB Black 2602DPT53G,31499,"94,85",124
61,1201339,Xiaomi,17T Pro 12/512GB Black 2602EPTC0G,40999,"97,75",117
62,1186353,Xiaomi,17 Ultra 16/1T Black 2512BPNDAG,74999,"95,89",68
63,1183696,Xiaomi,REDMI Note 15 Pro+ 5G 12/512GB Mocha Brown,23999,"94,42",213
64,1183686,Xiaomi,REDMI Note 15 Pro 8/256GB Titanium Color,14999,"96,42",194
65,1183675,Xiaomi,REDMI Note 15 8/256GB Black,10999,"95,47",168
66,1146831,Xiaomi,Redmi A5 3/64GB Midnight Black,4599,99,25
67,1191426,Poco,X8 Pro 12/512GB Black,24999,"94,51",139
68,1170481,Apple,iPhone 17 256GB Mist Blue (MG6L4),49799,"98,69",298
69,1190899,Meizu,Note 22 8/256Gb Eclipse Black (with charger),8499,85,21
70,1183693,Xiaomi,REDMI Note 15 Pro+ 5G 8/256GB Mocha Brown,19499,"94,42",213
71,1163427,Xiaomi,REDMI 15C 4/128GB Moonlight Blue,6999,"95,72",392
72,1186955,Xiaomi,REDMI Note 15 Pro 5G 8/512GB Black,18999,"97,51",223
73,1170489,Apple,iPhone 17 Pro 256GB Silver (MG8G4),66999,"98,90",805
74,1201328,Xiaomi,17T 12/256GB Violet 2602DPT53G,29499,"94,85",124
75,1201341,Xiaomi,17T Pro 12/512GB Deep Violet 2602EPTC0G,40999,"97,75",117
76,1163430,Xiaomi,REDMI 15C 8/256GB Mint Green,8999,"95,72",392
77,1163426,Xiaomi,REDMI 15C 4/128GB Mint Green,6999,"95,72",392
78,1183688,Xiaomi,REDMI Note 15 Pro 5G 8/256GB Glacier Blue,17999,"97,51",223
79,1147822,Moto,G86 5G 8/256GB Spellbound (PB7L0101RS),11499,"95,46",120
80,1147825,Moto,Edge 60 pro 12/512 Shadow (PB7X0068RS),21999,"97,75",152
81,1163420,Xiaomi,REDMI 15 6/128GB Titan Gray,8999,"94,50",336
82,1163431,Xiaomi,REDMI 15C 8/256GB Moonlight Blue,8999,"95,72",392
83,1190890,Moto,edge 70 fusion 12/256 Silhouette(PBBE0042UA),19999,"96,92",35
84,1165856,Moto,G06 4/64 TENDRIL (PBA20000UA),5199,"96,03",132
85,1186346,Xiaomi,17 12/512GB Black 25113PN0EG,49999,"98,05",113
86,1143714,Nubia,V70 Design 8/256GB Gray,5799,"96,57",86
87,1147826,Moto,Edge 60 pro 12/512 Dazzling Blue (PB7X0069RS),21999,"97,75",152
88,1190108,Samsung,Galaxy S26 Ultra 12/256GB Black (SM-S948BZKDEUC),64999,"96,10",124
89,1201327,Xiaomi,17T 12/256GB Blue 2602DPT53G,29499,"94,85",124
90,1201343,Xiaomi,17T Pro 12/1T Deep Blue 2602EPTC0G,46999,"97,75",117
91,1168122,Samsung,Galaxy S25 FE 5G 8/512GB JETBLACK (SM-S731BZKIEUC),39999,"98,72",156
92,1195303,Samsung,Galaxy A37 5G 6/128GB Lavender (SM-A376BLVBEUC),18999,"93,33",36
93,1165860,Moto,G06 4/256 TAPESTRY(PBA20004UA),6799,"96,03",132
94,1195288,Samsung,Galaxy A57 5G 12/512GB Lilac (SM-A576BZVHEUC),34999,"89,81",59
95,1187096,Moto,G77 8/256 Black Olive (Black)(PBAW0026RS),11999,"98,66",19
96,1004583,Apple,iPhone 15 256GB Black (MTP63),43899,"98,19",739
97,1195301,Samsung,Galaxy A37 5G 6/128GB Graygreen (SM-A376BDGBEUC),18999,"93,33",36
98,1197939,Moto,Razr 70 8/256 Sporting Green(PBB60054UA),36999,80,4
99,1004586,Apple,iPhone 15 256GB Blue (MTP93),43899,"98,19",739
100,1191434,Poco,X8 Pro Max 12/512GB White,29999,"97,27",189
101,1167235,Moto,G06 Power 4/256 Laurel Oak(PBA00001UA),7399,"91,5",91
102,1168123,Samsung,Galaxy S25 FE 5G 8/512GB NAVY (SM-S731BDBIEUC),39999,"98,72",156
103,1186957,Xiaomi,REDMI Note 15 Pro 5G 8/512GB Titanium,18999,"97,51",223
104,1183660,Poco,M8 5G 8/256GB Black,11999,"95,75",40
105,1183695,Xiaomi,REDMI Note 15 Pro+ 5G 12/512GB Glacier Blue,23999,"94,42",213
106,1163421,Xiaomi,REDMI 15 6/128GB Sandy Purple,8999,"94,50",336
107,1133799,Samsung,Galaxy A26 5G 8/256 White (SM-A266BZWCEUC),12999,"96,08",273
108,1183691,Xiaomi,REDMI Note 15 Pro+ 5G 8/256GB Black,19499,"94,42",213
109,1133800,Samsung,Galaxy A26 5G 8/256 Mint (SM-A266BLGCEUC),12999,"96,08",273
110,1133801,Samsung,Galaxy A26 5G 6/128 Black (SM-A266BZKBEUC),10999,100,52
111,1170500,Apple,iPhone 17 Pro Max 256GB Deep Blue (MFYP4),72999,"98,90",805
112,1170479,Apple,iPhone 17 256GB Black (MG6J4),49799,"98,69",298
113,1151046,Moto,Edge 60 fusion 8/256GB Slipstream (PB7E0039RS),13999,"95,19",39
114,1170480,Apple,iPhone 17 256GB White (MG6K4),49799,"98,69",298
115,1170492,Apple,iPhone 17 Pro 512GB Silver (MG8K4),76999,"98,90",805
116,1170483,Apple,iPhone 17 256GB Sage (MG6N4),49799,"98,69",298
117,1190106,Samsung,Galaxy S26 Ultra 12/512GB Cobalt Violet (SM-S948BZVGEUC),70999,100,24
118,1195292,Samsung,Galaxy A57 5G 8/256GB Lilac (SM-A576BZVDEUC),26999,"89,81",59
119,1168128,Samsung,Galaxy S25 FE 5G 8/256GB ICYBLUE (SM-S731BLBGEUC),32499,"98,72",156
120,1186956,Xiaomi,REDMI Note 15 Pro 5G 8/512GB Glacier Blue,18999,"97,51",223
121,1195290,Samsung,Galaxy A57 5G 8/256GB Gray (SM-A576BZADEUC),26999,"89,81",59
122,1095928,Apple,iPhone 16 128GB White (MYE93),43499,"98,37",189
123,1179969,Poco,F8 Ultra 16/512GB Black,44999,"94,65",178
124,1190126,Samsung,Galaxy S26 12/256GB Cobalt Violet (SM-S942BZVGEUC),45999,"96,10",124
125,1190110,Samsung,Galaxy S26 Ultra 12/256GB Cobalt Violet (SM-S948BZVDEUC),64999,"96,10",124
126,1195291,Samsung,Galaxy A57 5G 8/256GB Icyblue (SM-A576BLBDEUC),26999,"89,81",59
127,1195299,Samsung,Galaxy A37 5G 8/256GB Lavender (SM-A376BLVGEUC),22999,"93,33",36
128,1165853,Moto,Edge 60 12/256 Gibraltar Sea (PB7H0031RS),14999,100,45
129,1179964,Poco,F8 Pro 12/512GB Black,31999,"97,47",143
130,1190100,Samsung,Galaxy S26 Ultra 16/1TB Black (SM-S948BZKHEUC),79999,"96,10",124
131,1179966,Poco,F8 Pro 12/512GB Titanium Silver,31999,"97,47",143
132,1186347,Xiaomi,17 12/512GB Ice Blue 25113PN0EG,49999,"98,05",113
133,1191431,Poco,X8 Pro Max 12/256GB White,27999,"97,27",189
134,1190105,Samsung,Galaxy S26 Ultra 12/512GB Sky Blue (SM-S948BLBGEUC),70999,"96,10",124
135,1195297,Samsung,Galaxy A37 5G 8/256GB Graygreen (SM-A376BDGGEUC),22999,"93,33",36
136,1179961,Poco,F8 Pro 12/256GB Black,28499,"97,47",143
137,1095929,Apple,iPhone 16 128GB Pink (MYEA3),43499,"98,37",189
138,1095930,Apple,iPhone 16 128GB Ultramarine (MYEC3),43499,"98,37",189
139,1166887,Samsung,Galaxy A07 4/128Gb LIGHT VIOLET(SM-A075FLVGSEK),5499,"94,96",160
140,1190838,Moto,G06 4/128Gb Tapestry (Blue) (PBA20018RS),5999,100,4
141,1004581,Apple,iPhone 15 128GB Blue (MTP43),38499,"98,19",739
142,1164537,Nubia,Neo 3 GT 5G 12/256GB Gray,12499,"92,85",24
143,1180559,Moto,G57 Power 8/256 Fluidity (Cyan)(PBAH0007RS),9999,"98,15",102
144,1166782,Samsung,Galaxy A17 8/256 LIGHT BLUE (SM-A175FLBEEUC),12999,"98,84",62
145,1179963,Poco,F8 Pro 12/256GB Titanium Silver,28499,"97,47",143
146,1186343,Xiaomi,17 12/256GB Black 25113PN0EG,46999,"98,05",113
147,1190120,Samsung,Galaxy S26 12/512GB Black (SM-S942BZKHEUC),51999,"96,10",124
148,1183673,Xiaomi,REDMI Note 15 6/128GB Glacier Blue,9699,"95,47",168
149,1166783,Samsung,Galaxy A17 4/128GB BLACK (SM-A175FZKBEUC),9999,100,10
150,1190116,Samsung,Galaxy S26+ 12/256GB Black (SM-S947BZKDEUC),54999,"96,10",124
151,1168124,Samsung,Galaxy S25 FE 5G 8/512GB ICYBLUE (SM-S731BLBIEUC),39999,"98,72",156
152,1168129,Samsung,Galaxy S25 FE 5G 8/256GB WHITE (SM-S731BZWGEUC),32499,"98,72",156
153,1191430,Poco,X8 Pro Max 12/256GB Blue,27999,"97,27",189
154,1190122,Samsung,Galaxy S26 12/512GB Cobalt Violet (SM-S942BZVHEUC),51999,"96,10",124
155,1195285,Samsung,Galaxy A57 5G 12/512GB Navy (SM-A576BDBHEUC),34999,"89,81",59
156,1143716,Nubia,V70 8/256GB Gray,6299,96,33
157,1166787,Samsung,Galaxy A07 4/128Gb GREEN(SM-A075FZGGSEK),5499,"94,96",160
158,1179968,Poco,F8 Ultra 12/256GB Denim Blue,39999,"94,65",178
159,1166781,Samsung,Galaxy A17 8/256GB GRAY (SM-A175FZAEEUC),12999,"98,84",62
160,1195302,Samsung,Galaxy A37 5G 6/128GB Charcoal (SM-A376BZABEUC),18999,"93,33",36
161,1178535,Moto,Edge 60 pro 8/256 Shadow (green) (PB7X0088RS),19999,"97,75",152
162,1179970,Poco,F8 Ultra 16/512GB Denim Blue,44999,"94,65",178
163,1125315,Samsung,Galaxy S25 Ultra 12/256GB Titanium Black (SM-S938BZKDEUC),60799,"98,2",228
164,1195293,Samsung,Galaxy A57 5G 8/128GB Navy (SM-A576BDBBEUC),23999,"89,81",59
165,1188436,Moto,G17 Power 8/256 Alaskan Blue (PBBM0004RS),8499,"99,09",23
166,1183692,Xiaomi,REDMI Note 15 Pro+ 5G 8/256GB Glacier Blue,19499,"94,42",213
167,1190109,Samsung,Galaxy S26 Ultra 12/256GB Sky Blue (SM-S948BLBDEUC),64999,"96,10",124
168,1170510,Apple,iPhone Air 256GB Space Black (MG2L4),54999,100,4
169,1179967,Poco,F8 Ultra 12/256GB Black,39999,"94,65",178
170,1186344,Xiaomi,17 12/256GB Ice Blue 25113PN0EG,46999,"98,05",113
171,1163438,Poco,C85 8/256GB Purple,8499,"96,8",93
172,1168130,Samsung,Galaxy S25 FE 5G 8/128GB JETBLACK (SM-S731BZKDEUC),30999,"98,72",156
173,1183662,Poco,M8 5G 8/256GB Silver,11999,"95,75",40
174,1190112,Samsung,Galaxy S26+ 12/512GB Black (SM-S947BZKGEUC),60999,100,4
175,1191428,Poco,X8 Pro 12/512GB White,24999,"94,51",139
176,1133074,Apple,iPhone 16e 128GB White,32999,"83,2",35
177,1119933,Samsung,Galaxy A16 4/128 GRAY (SM-A165FZABEUC),7999,"97,47",343
178,1163437,Poco,C85 8/256GB Green,8499,"96,8",93
179,1190107,Samsung,Galaxy S26 Ultra 12/512GB White (SM-S948BZWGEUC),70999,100,6
180,1190101,Samsung,Galaxy S26 Ultra 16/1TB Sky Blue (SM-S948BLBHEUC),79999,"96,10",124
181,1191427,Poco,X8 Pro 12/512GB Green,24999,"94,51",139
182,1190125,Samsung,Galaxy S26 12/256GB Sky Blue (SM-S942BLBGEUC),45999,"96,10",124
183,1166784,Samsung,Galaxy A17 4/128GB GRAY (SM-A175FZABEUC),9999,"98,84",62
184,1146835,Xiaomi,Redmi A5 4/128GB Ocean Blue,5299,"95,55",10
185,1195296,Samsung,Galaxy A57 5G 8/128GB Lilac (SM-A576BZVBEUC),23999,"89,81",59
186,1187093,Moto,G77 8/256 Shaded Spruce (Green)(PBAW0027RS),11999,"98,66",19
187,1180557,Moto,Edge 70 12/512GB Gadget Grey (PBA50006RS),29999,100,9
188,1183661,Poco,M8 5G 8/256GB Green,11999,"95,75",40
189,1123260,Xiaomi,Redmi Note 14 8/256 Midnight Black,9499,"94,73",28
190,1123271,Xiaomi,Redmi Note 14 Pro 8/256 Midnight Black,12999,100,5
191,1123275,Xiaomi,Redmi Note 14 Pro 5G 8/256 Midnight Black,15499,80,9
192,1163423,Xiaomi,REDMI 15 8/256GB Titan Gray,10899,"94,50",336
193,1163422,Xiaomi,REDMI 15 8/256GB Midnight Black,10899,"94,50",336
194,1170501,Apple,iPhone 17 Pro Max 512GB Silver (MFYQ4),82999,"98,90",805
195,1158383,Moto,Edge 50 fusion 8/256 Forest Green (PB3T0083RS),12499,"97,37",408
196,1125334,Samsung,Galaxy S25 12/256GB Silver Shadow (SM-S931BZSGEUC),43999,"97,52",144
197,1123279,Xiaomi,Redmi Note 14 Pro+ 5G 8/256 Midnight Black,17999,100,12
198,1195055,Realme,15 5G 12/512Gb Silk Pink (RMX5106),19999,"97,2",66
199,1213374,Samsung,Galaxy Fold 8 Ultra 16/1TB Violet Shadow (SM-F976BZVNSEK),117999,100,2
200,1195178,Xiaomi,REDMI A7 Pro 4/64GB Black,6699,"88,88",21
201,1165852,Moto,Edge 50 fusion 8/256 Marshmallow Blue (PB3T0049RS),12499,"97,37",408
202,1133808,Samsung,Galaxy A36 5G 6/128 Awesome Black (SM-A366BZKBEUC),14099,"96,55",388
203,1146833,Xiaomi,Redmi A5 3/64GB Gold,4599,"98,00",26
204,955816,Apple,iPhone 14 128GB Blue (MPVN3),28499,100,43
205,1163435,Poco,C85 6/128GB Purple,6699,"96,8",93
206,1207551,Moto,Edge 50 12/512 Koala Grey (PB2U0003PL),19999,0,1
207,1168125,Samsung,Galaxy S25 FE 5G 8/512GB WHITE (SM-S731BZWIEUC),39999,"98,72",156
208,1207419,Moto,G57 Power 8/256 Fluidity (Cyan) (PBAH0002RO),9999,100,8
209,1187094,Moto,Signature 16/512 MartiniOlive (Gold)(PBAB0044RO),44999,"97,57",54
210,1170511,Apple,iPhone Air 256GB Cloud White (MG2M4),54999,100,1
211,1207418,Moto,G57 Power 8/256 Corsair (Green) (PBAH0009RO),9999,100,5
212,1140521,Moto,Razr 60 Ultra 16/512GB Scarab (PB8R0078RS),58999,100,18
213,1165854,Moto,Edge 60 12/256 Shamrock (PB7H0032RS),14999,100,45
214,1079540,Moto,G85 8/256 GB Olive Green (PB2A0043RS),12699,"95,57",129
215,1207552,Moto,Edge 50 12/512 Jungle Green (PB2U0004PL),19999,0,0
216,1076863,Moto,Edge 50 12/512 Koala Grey (PB2U0009RS),19999,"95,09",67
217,1203243,Apple,iPhone 15 Pro Max 512GB Natural Titanium 2BMU7E3 відновлений B,45599,100,6
218,1207550,Moto,Edge 50 12/512 Peach Fuzz (PB2U0005PL),19999,0,0
219,1203114,Apple,iPhone 14 Pro Max 256GB Deep Purple e-Sim 2BMQ8W3 відновлений B,32399,0,1
220,1079539,Moto,G85 8/256 GB Urban Grey (PB2A0038RS),12699,"95,57",129
221,1146836,Xiaomi,Redmi A5 4/128GB Gold,5299,"98,00",26
222,1130503,Nokia,105 DS 2024 Black,1149,"96,13",39
223,1195241,Nothing,Phone (4a) 12/256GB Pink,26999,100,4
224,1164538,Nubia,Neo 3 GT 5G 12/256GB Yellow,12499,"96,66",8
225,1164536,Nubia,Neo 3 5G 8/256GB Gold,8499,"86,45",36
226,1191475,Meizu,Note 22 8/256Gb Graphite Mist (no charger),8499,85,21
227,1111277,Nomi,i2841 Black (чорний),849,90,11
228,1165861,Moto,G06 4/256 Arabesque (PBA20005UA),6799,"96,03",132
229,1133014,Moto,Razr 60 Ultra 16/512 Mountain Trail (PB8R0066RS),58999,100,18
230,1212572,Realme,15 PRO 12/256Gb Flowing Silver (RMX5101),19999,0,0
231,1174282,Realme,15T 8/256Gb (RMX5111) Suit Titanium,14999,100,10
232,1195242,Nothing,Phone (4a) 12/256GB Blue,26999,100,4
233,1182495,Realme,C85 6/128Gb (RMX5566) Swan Black,10999,0,2
234,1182501,Realme,C85 Pro 8/256Gb (RMX5555) Peacock Green,13999,0,1
235,1174596,Oppo,A6 Pro 4G 8/256Gb (CPH2799) Stellar Blue,15555,100,30
236,1133802,Samsung,Galaxy A26 5G 6/128 White (SM-A266BZWBEUC),10999,100,10
237,1190889,Moto,G06 4/128Gb Tendril (Green) (PBA20021RS),5999,100,2
238,1195240,Nothing,Phone (4a) 12/256GB White,26999,100,4
239,1182497,Realme,C85 8/256Gb (RMX5566) Swan Black,11999,80,3
240,1178274,Nothing,Phone (3a) Lite 8/128GB Black,11999,"97,5",12
241,1208456,Realme,NOTE 80 4/128Gb Storm Black (RMX5388),7999,0,0
242,1133218,Sigma,Comfort 50 EASY TYPE-C black,629,"69,33",16
243,1130504,Nokia,105 DS 2024 Blue,1149,"96,13",39
244,1182496,Realme,C85 8/256Gb (RMX5566) Kingfisher Blue,11999,100,1
245,1188285,Oppo,A6 6/256 GB Sapphire Blue (CPH2817),11999,100,25
246,1041272,Sigma,mobile X-style 31 Power TYPE-C purple,1179,100,3
247,1054774,Nokia,235 4G DS 2024 Black,2849,"84,00",9
248,1190900,Meizu,Note 22 8/256Gb Titanium Lux (with charger),8499,0,4
249,1133219,Sigma,Comfort 50 EASY TYPE-C blue,629,100,2
250,1026741,Sigma,mobile X-style 34 NRG TYPE-C black,1019,100,7
251,1111276,Nomi,i2420 Black-grey (чорно-сірий),1399,100,3
252,1172796,Nomi,i2320 Black (чорний),999,100,6
253,1004582,Apple,iPhone 15 128GB Green (MTP53),38499,"98,19",739
254,1172797,Nomi,i2320 Red (червоний),999,100,8
255,505594,Nomi,i220 Black (Чорний),1299,"95,84",352
256,1182500,Realme,C85 Pro 8/256Gb (RMX5555) Parrot Purple,13999,0,0
257,1171939,Nokia,110 DS 2024 Black,1229,70,3
258,503949,Nomi,i220 Red (Червоний),1299,"95,08",269
259,1146832,Xiaomi,Redmi A5 3/64GB Ocean Blue,4599,"96,66",8
260,1174283,Realme,15T 8/256Gb (RMX5111) Flowing Silver,14999,0,3
261,1001537,Nokia,150 TA-1582 DS BLACK,1749,"96,75",120
262,1186242,Sigma,X-style 323 RAIN black,1365,0,1
263,1202861,Apple,iPhone 15 Pro Max 512GB White Titanium 2AMU7D3 відновлений A,47999,100,6
264,994897,Nokia,105 DS 2023 Charcoal,1099,"95,83",24
265,1202557,Apple,iPhone 13 128GB Blue 2AMLPK3 відновлений A,17999,100,4
266,993905,Nokia,105 SS 2023 Charcoal,949,"93,87",130
267,1183784,Hmd,150 MUSIC DS Dark Grey,1599,"73,33",3
268,1165131,Infinix,HOT 60 Pro + 8/256Gb Sonic Yellow (X6886),11199,0,0
269,978792,Sigma,mobile X-style 31 Power TYPE-C black,1179,"93,33",176
270,1202997,Apple,iPhone 14 128GB Blue 2BMPVN3 відновлений B,20499,0,2
271,1162216,Sigma,X-style 341 BRO TYPE-C blue,1045,90,4
272,1001535,Nokia,130 TA-1576 DS DARK BLUE,1549,"97,14",18
273,956389,Nomi,i1880 Black (чорний),549,"86,66",106
274,1071381,Ergo,E281 Dual Sim Black,947,0,0
275,1162217,Sigma,X-style 353 TREND black,1275,100,2
276,694579,Sigma,mobile X-style 18 Track black-green (чорно-зе,639,"86,66",18
277,1079711,Nokia,215 4G DS 2024 Black,2369,100,8
278,1161213,Infinix,SMART 10+ 4/128Gb Titanium Silver (X6725B),5699,0,0
279,1202604,Apple,iPhone 13 Pro Max 256GB Gold 2AMLLD3 відновлений A,30999,0,2
280,1175952,Oukitel,WP100 12/512GB Black (6931940792769),21999,0,1
281,1001539,Nokia,150 TA-1582 DS RED,1749,"98,26",24
282,994900,Nokia,110 DS 2023 Charcoal,1229,100,6
283,1170335,Infinix,GT 30 8/256Gb Blizzard Blue (X6876),13999,0,2
284,1161214,Infinix,SMART 10+ 4/128Gb Iris Blue (X6725B),5699,0,0
285,1186243,Sigma,X-style 323 RAIN black-orange,1365,100,3
286,993997,Nomi,i1850 Khaki (хакі),599,"88,66",34
287,994899,Nokia,106 DS 2023 Charcoal,1049,"94,69",52
288,993995,Nomi,i1850 Black-red (чорно-черв.),599,"88,66",34
289,1001538,Nokia,150 TA-1582 DS BLUE,1749,"96,75",120
290,1180049,Sigma,X-style 242 LUCKY black,779,0,0
291,694578,Sigma,mobile X-style 18 Track black (чорний),639,"85,23",46
292,1180050,Sigma,X-style 242 LUCKY grey,779,0,0
293,956390,Nomi,i1880 Red (червоний),549,"86,66",106
294,996626,Nomi,i2820 Black (чорний),949,96,41
295,996623,Nomi,i2403 Black (чорний),699,"91,87",33
296,999627,Nokia,106 DS 2023 Green,1049,"92,5",18
297,1183217,Ulefone,Armor 27T 12/256Gb Black,18299,0,0
298,1213975,Realme,NOTE 80 4/64Gb Storm Black (RMX5388),5999,0,0
299,996625,Nomi,i2403 Dark Green (зелений),699,"91,33",32
300,1054773,Nokia,230 DS 2024 Black,3149,80,5
301,884684,Sigma,mobile X-style 351 LIDER blue,1259,"66,66",3
302,993994,Nomi,i1890 Grey (сірий),649,"94,22",48
303,1002675,Sigma,mobile Comfort 50 GRACE TYPE-C red,1299,"91,42",8
304,884676,Sigma,mobile Comfort 50 HIT red,829,0,0
305,694580,Sigma,mobile X-style 18 Track black-grey (чорно-сір,639,"86,66",18
306,996627,Nomi,i2830 Black (чорний),1049,"91,11",65
307,993996,Nomi,i1850 Black (чорний),599,"93,91",25
308,884673,Sigma,mobile Comfort 50 HIT black,829,"88,57",9
309,996624,Nomi,i2403 Red (червоний),699,"88,88",28
310,993993,Nomi,i1890 Blue (синій),649,95,31
311,884674,Sigma,mobile Comfort 50 HIT green,829,"88,57",9
312,1203001,Apple,iPhone 14 128GB Purple 2BMPV03 відновлений B,20499,0,2
313,884675,Sigma,mobile Comfort 50 HIT orange,829,"88,57",9
314,694581,Sigma,mobile X-style 18 Track black-red (чорно-черв,639,85,4
315,1002683,Sigma,mobile X-style 31 Power TYPE-C grey,1179,"98,00",12
316,1002673,Sigma,mobile Comfort 50 HIT grey,829,70,2
317,1002676,Sigma,mobile Comfort 50 Optima TYPE-C black,1499,"73,33",7
318,1002684,Sigma,mobile X-style 31 Power TYPE-C red,1179,90,2
319,884683,Sigma,mobile X-style 351 LIDER black,1259,"66,66",3
320,994898,Nokia,105 SS 2023 Charcoal (no charger),799,95,72
321,1002677,Sigma,mobile Comfort 50 Optima TYPE-C red,1499,100,11
322,1002674,Sigma,mobile Comfort 50 GRACE TYPE-C black,1299,"91,42",8
323,1002682,Sigma,mobile X-style 31 Power TYPE-C blue,1179,"73,33",3
324,1016524,Nomi,i1441 Blue (синій),479,"97,93",31
325,1016523,Nomi,i1441 Grey (сірий),479,"92,55",56
326,1041273,Sigma,mobile X-style 310 Force TYPE-C black,1299,"88,00",6
327,1041271,Sigma,mobile X-style 34 NRG TYPE-C blue,1019,100,8
328,1041267,Sigma,mobile Comfort 50 Shell DUO Type-C black,1199,100,7
329,1041261,Sigma,mobile X-treme PK68 black,2199,"85,71",9
330,1041469,Moto,Edge 50 Pro 12/512 Black Beauty (PB1J0050RS),24999,"94,35",212
331,1041468,Moto,Edge 50 Pro 12/512 Luxe Lavender (PB1J0053RS),24999,"94,35",212
332,1016526,Nomi,i1871 Red (червоний),899,"98,04",45
333,1016525,Nomi,i1871 Black (чорний),899,"94,28",73
334,1065528,Moto,Edge 50 fusion 12/512 Hot Pink (PB3T0063UA),13999,"96,85",548
335,1071380,Ergo,E241 Dual Sim Black,805,0,0
336,1079717,Nokia,3210 4G DS 2024 Gold,2115,"93,33",3
337,1079713,Nokia,225 4G DS 2024 Dark Blue,2499,0,0
338,1076861,Moto,Edge 50 12/512 Peach Fuzz (PB2U0011RS),19999,"95,09",67
339,1076862,Moto,Edge 50 12/512 Jungle Green (PB2U0010RS),19999,"95,09",67
340,1079541,Moto,G85 8/256 GB Cobalt Blue (PB2A0044RS),12699,"95,57",129
341,1095942,Apple,iPhone 16 Plus 128GB Black (MXVU3),48999,"98,37",189
342,1095931,Apple,iPhone 16 128GB Teal (MYED3),43499,"98,37",189
343,1095946,Apple,iPhone 16 Plus 128GB Teal (MXVY3),48999,"98,37",189
344,1095945,Apple,iPhone 16 Plus 128GB Ultramarine (MXVX3),48999,"98,37",189
345,1070057,Nomi,i2412 Black (чорний),849,"73,33",4
346,1119934,Samsung,Galaxy A16 4/128 LIGHT GREEN (SM-A165FLGBEUC),7999,"97,47",343
347,1076860,Moto,Edge 50 Pro 12/512 Caneel Bay (PB1J0100RS),24999,"94,35",212
348,1125335,Samsung,Galaxy S25 12/128GB Silver Shadow (SM-S931BZSDEUC),41999,"97,52",144
349,1125330,Samsung,Galaxy S25 12/512GB Silver Shadow (SM-S931BZSHEUC),51999,"97,52",144
350,1125333,Samsung,Galaxy S25 12/256GB Navy (SM-S931BDBGEUC),43999,"97,52",144
351,1125329,Samsung,Galaxy S25 12/512GB Navy (SM-S931BDBHEUC),51999,"97,52",144
352,1125331,Samsung,Galaxy S25 12/256GB Icyblue (SM-S931BLBGEUC),43999,"97,52",144
353,1125327,Samsung,Galaxy S25 12/512GB Icyblue (SM-S931BLBHEUC),51999,"97,52",144
354,1125318,Samsung,Galaxy S25 Ultra 12/256GB Titanium White silver (SM-S938BZSDEUC),60799,"98,2",228
355,1125317,Samsung,Galaxy S25 Ultra 12/256GB Titanium Grey (SM-S938BZTDEUC),60799,"98,2",228
356,1125310,Samsung,Galaxy S25 Ultra 12/1TB Titanium Grey (SM-S938BZTHEUC),72199,"98,2",228
357,1125316,Samsung,Galaxy S25 Ultra 12/256GB Titanium Silverblue (SM-S938BZBDEUC),60799,"98,2",228
358,1125309,Samsung,Galaxy S25 Ultra 12/1TB Titanium Silverblue (SM-S938BZBHEUC),72199,"98,2",228
359,1125308,Samsung,Galaxy S25 Ultra 12/1TB Titanium Black (SM-S938BZKHEUC),72199,"98,2",228
360,715091,Iphone,12 64GB Blue,22299,92,27
361,1133220,Sigma,Comfort 50 EASY TYPE-C red,629,90,3
362,1133818,Samsung,Galaxy A56 5G 8/128 Awesome Pink (SM-A566BLIAEUC),18999,"99,11",174
363,1133811,Samsung,Galaxy A36 5G 6/128 Awesome Lavender (SM-A366BLVBEUC),14099,"96,55",388
364,1133809,Samsung,Galaxy A36 5G 6/128 Awesome White (SM-A366BZABEUC),14099,"96,55",388
365,1147208,Oppo,A5 Pro 4G 8/128GB (CPH2711) Olive Green,9499,100,10
366,1143717,Nubia,V70 8/256GB Gold,6299,96,33
367,1143715,Nubia,V70 Design 8/256GB Green,5799,"96,57",86
368,1125174,Nomi,i2440 Black (чорний),899,"86,66",4
369,1151045,Moto,Edge 60 fusion 8/256GB Amazonite (PB7E0036RS),13999,"95,19",39
370,1147821,Moto,G86 5G 8/256 Cosmic Sky (PB7L0090RS),11499,"95,46",120
371,1147824,Moto,G86 5G 8/256GB Golden Cypress (PB7L0115RS),11499,"95,46",120
372,1159704,Oppo,A5 6/128Gb (CPH2727) Mist White,8999,100,10
373,1159703,Oppo,A5 6/128Gb (CPH2727) Aurora Green,8999,100,10
374,1159181,Samsung,Galaxy Fold7 12/256 SILVER SHADOW (SM-F966BZSBSEK),76499,100,8
375,1159178,Samsung,Galaxy Fold7 12/512 SILVER SHADOW (SM-F966BZSCSEK),80999,100,8
376,1159180,Samsung,Galaxy Fold7 12/256 JETBLACK (SM-F966BZKBSEK),76499,100,8
377,1159177,Samsung,Galaxy Fold7 12/512 JETBLACK (SM-F966BZKCSEK),80999,100,8
378,1159179,Samsung,Galaxy Fold7 12/256 BLUE SHADOW (SM-F966BDBBSEK),76499,100,8
379,1162218,Sigma,X-style 353 TREND mint,1299,90,5
380,1162215,Sigma,X-style 341 BRO TYPE-C black,1045,"88,00",6
381,1162214,Sigma,X-treme PQ58 black,12999,0,0
382,1162212,Sigma,X-treme PA68 WAVE black,2079,100,1
383,1162210,Sigma,X-treme PV68 black-orange,1399,50,2
384,1162209,Sigma,X-treme PV68 black,1399,50,2
385,1162743,Samsung,Galaxy S25 12/256GB BLUEBLACK (SM-S931BZKGEUC),43999,"97,52",144
386,1162742,Samsung,Galaxy S25 12/512GB BLUEBLACK (SM-S931BZKHEUC),51999,"97,52",144
387,1162737,Samsung,Galaxy S25 Ultra 12/1T TITANIUM JETBLACK (SM-S938BAKHEUC),72199,"98,2",228
388,1163436,Poco,C85 8/256GB Black,8499,"96,8",93
389,1163434,Poco,C85 6/128GB Green,6699,"96,8",93
390,1163433,Poco,C85 6/128GB Black,6699,"96,8",93
391,1163424,Xiaomi,REDMI 15 8/256GB Sandy Purple,10899,"94,50",336
392,1167970,Oukitel,WP28E 4/64GB Black (6931940757683),5999,100,2
393,1167968,Oukitel,G2 4/64GB Black (6931940757744),5599,0,0
394,1167967,Oukitel,G1 6/256GB Orange (6931940757881),9499,0,0
395,1168135,Samsung,Galaxy S25 Edge 5G 12/512GB TITANIUM JETBLACK (SM-S937BZKGEUC),58999,80,4
396,1168134,Samsung,Galaxy S25 Edge 5G 12/512GB TITANIUM ICYBLUE (SM-S937BLBGEUC),58999,80,4
397,1168133,Samsung,Galaxy S25 Edge 5G 12/256GB TITANIUM SILVER (SM-S937BZSDEUC),54999,80,4
398,1168132,Samsung,Galaxy S25 Edge 5G 12/256GB TITANIUM JETBLACK (SM-S937BZKDEUC),54999,80,4
399,1168131,Samsung,Galaxy S25 Edge 5G 12/256GB TITANIUM ICYBLUE (SM-S937BLBDEUC),54999,80,4
400,1168138,Oppo,Reno14F 8/256Gb (CPH2743) Luminous Green,16499,100,28
401,1170513,Apple,iPhone Air 256GB SkyBlue (MG2P4),54999,"94,28",9
402,1170493,Apple,iPhone 17 Pro 512GB Cosmic Orange (MG8M4),76999,"98,90",805
403,1170494,Apple,iPhone 17 Pro 512GB Deep Blue (MG8N4),76999,"98,90",805
404,1170495,Apple,iPhone 17 Pro 1TB Silver (MG8P4),86999,"98,90",805
405,1170496,Apple,iPhone 17 Pro 1TB Cosmic Orange (MG8Q4),86999,"98,90",805
406,1170497,Apple,iPhone 17 Pro 1TB Deep Blue (MG8R4),86999,"98,90",805
407,1170502,Apple,iPhone 17 Pro Max 512GB Cosmic Orange (MFYT4),82999,"98,90",805
408,1170503,Apple,iPhone 17 Pro Max 512GB Deep Blue (MFYU4),82999,"98,90",805
409,1170505,Apple,iPhone 17 Pro Max 1TB Cosmic Orange (MFYW4),92999,"98,90",805
410,1170506,Apple,iPhone 17 Pro Max 1TB Deep Blue (MFYX4),92999,"98,90",805
411,1170507,Apple,iPhone 17 Pro Max 2TB Silver (MFYY4),112999,"98,90",805
412,1170508,Apple,iPhone 17 Pro Max 2TB Cosmic Orange (MG004),112999,"98,90",805
413,1170509,Apple,iPhone 17 Pro Max 2TB Deep Blue (MG014),112999,"98,90",805
414,1166785,Samsung,Galaxy A17 4/128 LIGHT BLUE (SM-A175FLBBEUC),9999,"98,84",62
415,1165859,Moto,G06 4/64 Arabesque (PBA20003UA),5199,"96,03",132
416,1165857,Moto,G06 4/256 TENDRIL (PBA20001UA),6799,"96,03",132
417,1172149,Moto,Edge 60 fusion 8/256GB Amazonite (PB7E0035PL),13999,0,0
418,1172148,Moto,Edge 60 fusion 8/256GB Slipstream (PB7E0038PL),13999,0,0
419,1173358,Moto,Edge 60 12/256 Shamrock (PB7H0019PL),14999,95,11
420,1173357,Moto,Edge 60 12/256 Gibraltar Sea (PB7H0018PL),14999,95,11
421,1173528,Sigma,X-style 171 MINI black-red,519,100,3
422,1173527,Sigma,X-style 171 MINI black-orange,519,100,3
423,1173526,Sigma,X-style 171 MINI black-green,519,100,3
424,1173525,Sigma,X-style 171 MINI black,519,100,3
425,1173524,Sigma,X-style 281 CLIK red,1299,80,1
426,1173523,Sigma,X-style 281 CLIK black,1299,80,1
427,1149697,Nomi,i1820 Red (червоний),699,0,1
428,1149696,Nomi,i1820 Black (чорний),699,95,5
429,1175958,Oukitel,WP56 12/512GB Black (6941749811516),16999,0,0
430,1175953,Oukitel,WP53 8/128GB Black (6941749820686),7999,0,0
431,1178452,Moto,Edge 60 pro 8/256 Sparkling Grape (PB7X0089RS),19999,"97,75",152
432,1006746,Apple,iPhone 15 Plus 128GB Black (MU0Y3),43499,"86,66",16
433,961569,Apple,iPhone 14 Plus 128GB Purple (MQ503),39499,100,5
434,1179965,Poco,F8 Pro 12/512GB Blue,31999,"97,47",143
435,1179962,Poco,F8 Pro 12/256GB Blue,28499,"97,47",143
436,1180556,Moto,Edge 70 12/512GB Lily Pad (PBA50025RS),29999,100,9
437,1180555,Moto,Edge 70 12/512GB Bronze Green (PBA50046RS),29999,100,9
438,1182499,Realme,C85 Pro 8/128Gb (RMX5555) Peacock Green,9499,0,3
439,1183232,Realme,GT 8 PRO 16/512Gb (RMX5120) White,49999,0,4
440,1183215,Ulefone,Armor 26 Ultra WT 12/512Gb Black,25999,0,0
441,1183665,Poco,M8 5G 8/512GB Silver,13999,"95,75",40
442,1183664,Poco,M8 5G 8/512GB Green,13999,"95,75",40
443,1183663,Poco,M8 5G 8/512GB Black,13999,"95,75",40
444,1184581,Ulefone,Armor 33 12/512Gb Black,17599,0,0
445,1184583,Ulefone,Armor 34 Pro (Plus) 16/512Gb Black,29999,0,0
446,1183680,Xiaomi,REDMI Note 15 5G 6/128GB Purple,11499,"95,38",18
447,1183679,Xiaomi,REDMI Note 15 5G 6/128GB Glacier Blue,11499,"95,38",18
448,1183678,Xiaomi,REDMI Note 15 5G 6/128GB Black,11499,"95,38",18
449,1188286,Oppo,A6s 8/256 GB Cappuccino Brown (CPH2815),13999,100,17
450,1186352,Xiaomi,17 Ultra 16/512GB White 2512BPNDAG,69999,"95,89",68
451,1190837,Moto,G06 4/128Gb Arabesque (Orange) (PBA20019RS),5999,100,6
452,1190111,Samsung,Galaxy S26 Ultra 12/256GB White (SM-S948BZWDEUC),64999,"96,10",124
453,1190103,Samsung,Galaxy S26 Ultra 16/1TB White (SM-S948BZWHEUC),79999,"96,10",124
454,1190119,Samsung,Galaxy S26+ 12/256GB White (SM-S947BZWDEUC),54999,"96,10",124
455,1190115,Samsung,Galaxy S26+ 12/512GB White (SM-S947BZWGEUC),60999,"96,10",124
456,1190118,Samsung,Galaxy S26+ 12/256GB Cobalt Violet (SM-S947BZVDEUC),54999,"96,10",124
457,1190117,Samsung,Galaxy S26+ 12/256GB Sky Blue (SM-S947BLBDEUC),54999,"96,10",124
458,1190113,Samsung,Galaxy S26+ 12/512GB Sky Blue (SM-S947BLBGEUC),60999,"96,10",124
459,1190123,Samsung,Galaxy S26 12/512GB White (SM-S942BZWHEUC),51999,"96,10",124
460,1190124,Samsung,Galaxy S26 12/256GB Black (SM-S942BZKGEUC),45999,"96,10",124
461,1191473,Meizu,Note 22 8/256Gb Eclipse Black (no charger),8499,85,21
462,1191474,Meizu,Note 22 8/256Gb Titanium Lux (no charger),8499,85,21
463,1192720,Apple,iPhone 17e 256GB Soft Pink (MHRX4),37999,100,20
464,1192719,Apple,iPhone 17e 256GB White (MHRW4),37999,100,20
465,1192718,Apple,iPhone 17e 256GB Black (MHRV4),37999,100,20
466,1191424,Poco,X8 Pro 8/256GB Green,20499,"94,51",139
467,1191423,Poco,X8 Pro 8/256GB Black,20499,"94,51",139
468,1195245,Nothing,Phone (4a) Pro 12/256GB Pink,0,100,8
469,1195238,Nothing,Phone (4a) 8/256GB White,23999,0,1
470,1195236,Nothing,Phone (4a) 8/128GB White,0,100,4
471,1195237,Nothing,Phone (4a) 8/256GB Black,23999,0,0
472,1195235,Nothing,Phone (4a) 8/128GB Black,0,100,4
473,1195132,Oppo,A6k 4/256Gb Crystal Blue (CPH2891),9999,100,14
474,1195304,Samsung,Galaxy A37 5G 6/128GB White (SM-A376BZWBEUC),18999,"93,33",36
475,1195300,Samsung,Galaxy A37 5G 8/256GB White (SM-A376BZWGEUC),22999,"93,33",36
476,1195295,Samsung,Galaxy A57 5G 8/128GB Icyblue (SM-A576BLBBEUC),23999,"89,81",59
477,1195287,Samsung,Galaxy A57 5G 12/512GB Icyblue (SM-A576BLBHEUC),34999,"89,81",59
478,1195294,Samsung,Galaxy A57 5G 8/128GB Gray (SM-A576BZABEUC),23999,"89,81",59
479,1195286,Samsung,Galaxy A57 5G 12/512GB Gray (SM-A576BZAHEUC),34999,"89,81",59
480,1190927,Moto,Edge 70 Fusion 8/256 Silhouette (PBBD0022RS),17999,100,9
481,1195183,Xiaomi,REDMI A7 Pro 4/128GB Mist Blue,7299,"88,88",21
482,1195180,Xiaomi,REDMI A7 Pro 4/64GB Mist Blue,6699,"88,88",21
483,1195182,Xiaomi,REDMI A7 Pro 4/128GB Palm Green,7299,"88,88",21
484,1195179,Xiaomi,REDMI A7 Pro 4/64GB Palm Green,6699,"88,88",21
485,1195716,Infinix,NOTE Edge 8/256Gb Shadow Black (X6887),15999,0,1
486,1195718,Infinix,NOTE Edge 8/256Gb Silk Green (X6887),15999,0,1
487,1195719,Infinix,NOTE Edge 8/256Gb Lunar Titanium (X6887),15999,0,1
488,1195720,Infinix,NOTE 60 8/256Gb Mist Titanium (X6879),17999,0,1
489,1195721,Infinix,NOTE 60 8/256Gb Midnight Black (X6879),17999,0,1
490,1195722,Infinix,NOTE 60 8/256Gb Fizz Blue (X6879),17999,0,1
491,1195724,Infinix,NOTE 60 8/256Gb Mocha Brown (X6879),17999,0,1
492,1195725,Infinix,NOTE 60 Pro 8/256Gb Mist Titanium (X6878),19999,100,5
493,1195729,Infinix,NOTE 60 Pro 8/256Gb Frost Silver (X6878),19999,100,5
494,1197938,Moto,Edge 70 fusion 8/256 Orient Blue (PBBD0024RS),17999,100,9
495,1198480,Hmd,102 DS Grey,889,0,0
496,1198479,Hmd,102 DS Blue,889,0,0
497,1198478,Hmd,100 DS Teal,719,0,1
498,1198477,Hmd,100 DS Grey,719,0,1
499,1198476,Nokia,110 DS Power Purple,1399,"73,33",5
500,1198475,Nokia,110 DS Power Grey,1399,"73,33",5
501,1199273,Infinix,GT 50 Pro 12/256Gb Red Blaze (X6891),25999,0,3
502,1199272,Infinix,GT 50 Pro 12/256Gb Silver Glacier (X6891),25999,0,3
503,1199271,Infinix,GT 50 Pro 12/256Gb Black Abyss (X6891),25999,0,3
504,1197940,Moto,Razr 70 8/256 Bright White (PBB60008PL),36999,80,4
505,1195417,Moto,Razr 70 8/256 Hematite(Stone grey)(PBB60052UA),36999,80,4
506,1203445,Apple,iPhone 14 128GB Starlight R14NASB відновлений B,20429,0,0
507,1203421,Apple,iPhone 14 Pro 256GB Deep Purple R14PBUB відновлений B,32299,0,1
508,1203418,Apple,iPhone 14 Pro 128GB Space Black R14PAKB відновлений B,29499,0,1
509,1203417,Apple,iPhone 14 Pro 128GB Deep Purple R14PAUB відновлений B,29499,0,1
510,1203416,Apple,iPhone 14 128GB Midnight R14NAKA відновлений A,21499,0,0
511,1203392,Apple,iPhone 14 Pro 256GB Gold R14PBDA відновлений A,33999,0,1
512,1203391,Apple,iPhone 14 Pro 256GB Silver R14PBSA відновлений A,33999,0,1
513,1203390,Apple,iPhone 14 Pro 256GB Deep Purple R14PBUA відновлений A,33999,0,1
514,1203389,Apple,iPhone 14 Pro 256GB Space Black R14PBKA відновлений A,33999,0,1
515,1203386,Apple,iPhone 14 Pro 128GB Deep Purple R14PAUA відновлений A,30999,0,1
516,1203361,Apple,iPhone 14 Pro 256GB Gold R14PBDQ відновлений A+,35699,0,1
517,1203359,Apple,iPhone 14 Pro 256GB Deep Purple R14PBUQ відновлений A+,35699,0,1
518,1203358,Apple,iPhone 14 Pro 256GB Space Black R14PBKQ відновлений A+,35699,0,1
519,1203328,Apple,iPhone 14 Pro 256GB Deep Purple R14PBUS відновлений A++,37489,0,1
520,1203327,Apple,iPhone 14 Pro 256GB Space Black R14PBKS відновлений A++,37489,0,1
521,1203241,Apple,iPhone 15 Pro Max 512GB Blue Titanium 2BMU7F3 відновлений B,45599,100,6
522,1203235,Apple,iPhone 15 Pro Max 256GB Natural Titanium 2BMU793 відновлений B,42899,100,6
523,1203233,Apple,iPhone 15 Pro Max 256GB Blue Titanium 2BMU7A3 відновлений B,42899,100,6
524,1203230,Apple,iPhone 15 Pro Max 256GB Black Titanium e-Sim 2BMU663 відновлений B,38999,0,2
525,1203209,Apple,iPhone 15 Pro 256GB Blue Titanium 2BMTV63 відновлений B,39899,100,6
526,1203197,Apple,iPhone 15 Pro 128GB White Titanium 2BMTUW3 відновлений B,36099,100,6
527,1203195,Apple,iPhone 15 Pro 128GB Natural Titanium 2BMTUX3 відновлений B,36099,100,6
528,1203193,Apple,iPhone 15 Pro 128GB Blue Titanium 2BMTV03 відновлений B,36099,100,6
529,1203191,Apple,iPhone 15 Pro 128GB Black Titanium 2BMTUV3 відновлений B,36099,100,6
530,1203190,Apple,iPhone 15 Pro 128GB Black Titanium e-Sim 2BMTQM3 відновлений B,34699,0,2
531,1203141,Apple,iPhone 15 256GB Black 2BMTP63 відновлений B,28999,0,2
532,1203133,Apple,iPhone 15 128GB Blue 2BMTP43 відновлений B,28299,0,2
533,1203131,Apple,iPhone 15 128GB Black 2BMTP03 відновлений B,27599,0,2
534,1203121,Apple,iPhone 14 Pro Max 256GB Space Black 2BMQ9U3 відновлений B,35199,100,1
535,1203117,Apple,iPhone 14 Pro Max 256GB Gold 2BMQ9W3 відновлений B,36699,100,1
536,1203115,Apple,iPhone 14 Pro Max 256GB Deep Purple 2BMQ9X3 відновлений B,36699,100,1
537,1203099,Apple,iPhone 14 Pro Max 128GB Deep Purple 2BMQ9T3 відновлений B,34099,100,1
538,1203089,Apple,iPhone 14 Pro 256GB Space Black 2BMQ0T3 відновлений B,32299,100,1
539,1203083,Apple,iPhone 14 Pro 256GB Deep Purple 2BMQ1F3 відновлений B,32299,100,1
540,1203073,Apple,iPhone 14 Pro 128GB Space Black 2BMPXV3 відновлений B,29499,100,1
541,1203067,Apple,iPhone 14 Pro 128GB Deep Purple 2BMQ0G3 відновлений B,29499,100,1
542,1203003,Apple,iPhone 14 128GB Starlight 2BMPUR3 відновлений B,20499,0,2
543,1202937,Apple,iPhone 16 Pro Max 256GB Desert Titanium 2AMYWX3 відновлений A,57099,0,1
544,1202936,Apple,iPhone 16 Pro Max 256GB Black Titanium 2AMYWV3 відновлений A,57099,0,1
545,1202857,Apple,iPhone 15 Pro Max 512GB Blue Titanium 2AMU7F3 відновлений A,47999,100,6
546,1202853,Apple,iPhone 15 Pro Max 256GB White Titanium 2AMU783 відновлений A,45099,100,6
547,1202851,Apple,iPhone 15 Pro Max 256GB Natural Titanium 2AMU793 відновлений A,45099,100,6
548,1202850,Apple,iPhone 15 Pro Max 256GB Natural Titanium e-Sim 2AMU683 відновлений A,42599,0,2
549,1202847,Apple,iPhone 15 Pro Max 256GB Black Titanium 2AMU773 відновлений A,45099,100,6
550,1202813,Apple,iPhone 15 Pro 128GB White Titanium 2AMTUW3 відновлений A,37999,100,6
551,1202811,Apple,iPhone 15 Pro 128GB Natural Titanium 2AMTUX3 відновлений A,37999,100,6
552,1202810,Apple,iPhone 15 Pro 128GB Natural Titanium e-Sim 2AMTQP3 відновлений A,36499,0,2
553,1202809,Apple,iPhone 15 Pro 128GB Blue Titanium 2AMTV03 відновлений A,37999,100,6
554,1202751,Apple,iPhone 15 128GB Green 2AMTP53 відновлений A,28999,0,2
555,1202749,Apple,iPhone 15 128GB Blue 2AMTP43 відновлений A,28999,0,2
556,1202747,Apple,iPhone 15 128GB Black 2AMTP03 відновлений A,29699,0,2
557,1202737,Apple,iPhone 14 Pro Max 256GB Space Black 2AMQ9U3 відновлений A,38599,100,1
558,1202736,Apple,iPhone 14 Pro Max 256GB Space Black e-Sim 2AMQ8T3 відновлений A,34099,0,1
559,1202730,Apple,iPhone 14 Pro Max 256GB Deep Purple e-Sim 2AMQ8W3 відновлений A,34099,0,1
560,1202715,Apple,iPhone 14 Pro Max 128GB Deep Purple 2AMQ9T3 відновлений A,33999,100,1
561,1202704,Apple,iPhone 14 Pro 256GB Space Black e-Sim 2AMQ0N3 відновлений A,31999,0,1
562,1202698,Apple,iPhone 14 Pro 256GB Deep Purple e-Sim 2AMQ1D3 відновлений A,31999,0,1
563,1202687,Apple,iPhone 14 Pro 128GB Space Black 2AMPXV3 відновлений A,30999,100,1
564,1202680,Apple,iPhone 14 Pro 128GB Gold 2AMQ083 відновлений A,30499,100,1
565,1203105,Apple,iPhone 14 Pro Max 128GB Space Black 2BMQ9P3 відновлений B,34099,100,1
566,1202721,Apple,iPhone 14 Pro Max 128GB Space Black 2AMQ9P3 відновлений A,33999,100,1
567,1203437,Apple,iPhone 13 Pro 256GB Gold R13PBDB відновлений B,25599,0,6
568,1203436,Apple,iPhone 13 Pro 256GB Sierra Blue R13PBBB відновлений B,25599,0,6
569,1203433,Apple,iPhone 13 Pro 256GB Alpine Green R13PBGB відновлений B,25599,0,6
570,1203432,Apple,iPhone 13 Pro 128GB Gold R13PADB відновлений B,23299,0,6
571,1203431,Apple,iPhone 13 Pro 128GB Sierra Blue R13PABB відновлений B,23939,0,6
572,1203430,Apple,iPhone 13 Pro 128GB Silver R13PASB відновлений B,23939,0,6
573,1203429,Apple,iPhone 13 Pro 128GB Graphite R13PAFB відновлений B,23939,0,6
574,1203407,Apple,iPhone 13 128GB Starlight R13NASA відновлений A,17999,0,2
575,1203403,Apple,iPhone 13 Pro 256GB Graphite R13PBFA відновлений A,26899,0,6
576,1203401,Apple,iPhone 13 Pro 128GB Gold R13PADA відновлений A,25199,0,6
577,1203400,Apple,iPhone 13 Pro 128GB Sierra Blue R13PABA відновлений A,25199,0,6
578,1203399,Apple,iPhone 13 Pro 128GB Silver R13PASA відновлений A,25199,0,6
579,1203398,Apple,iPhone 13 Pro 128GB Graphite R13PAFA відновлений A,25199,0,6
580,1202988,Apple,iPhone 13 Pro Max 256GB Gold 2BMLLD3 відновлений B,29499,0,2
581,1202982,Apple,iPhone 13 Pro Max 128GB Silver 2BMLL73 відновлений B,26599,0,2
582,1202981,Apple,iPhone 13 Pro Max 128GB Sierra Blue 2BMLL93 відновлений B,26599,0,2
583,1202980,Apple,iPhone 13 Pro Max 128GB Graphite 2BMLL63 відновлений B,26599,0,2
584,1202979,Apple,iPhone 13 Pro Max 128GB Gold 2BMLL83 відновлений B,26599,0,2
585,1202978,Apple,iPhone 13 Pro Max 128GB Alpine Green 2BMNCY3 відновлений B,26599,0,2
586,1202961,Apple,iPhone 13 Pro 128GB Sierra Blue 2BMLVD3 відновлений B,23299,0,2
587,1202960,Apple,iPhone 13 Pro 128GB Graphite 2BMLV93 відновлений B,23299,0,2
588,1202945,Apple,iPhone 13 128GB Starlight 2BMLPG3 відновлений B,16999,100,4
589,1202943,Apple,iPhone 13 128GB Midnight 2BMLPF3 відновлений B,16999,100,4
590,1202941,Apple,iPhone 13 128GB Blue 2BMLPK3 відновлений B,16999,100,4
591,1202598,Apple,iPhone 13 Pro Max 128GB Silver 2AMLL73 відновлений A,26889,0,2
592,1202597,Apple,iPhone 13 Pro Max 128GB Sierra Blue 2AMLL93 відновлений A,26889,0,2
593,1202596,Apple,iPhone 13 Pro Max 128GB Graphite 2AMLL63 відновлений A,26889,0,2
594,1202595,Apple,iPhone 13 Pro Max 128GB Gold 2AMLL83 відновлений A,26889,0,2
595,1203306,Apple,iPhone 13 Pro Max 256GB Sierra Blue 2BMLLE3 відновлений B,29199,0,2
596,1203305,Apple,iPhone 13 Pro Max 256GB Graphite 2BMLLA3 відновлений B,29199,0,2
597,1203123,Apple,iPhone 14 Pro Max 512GB Deep Purple 2BMQAM3 відновлений B,36599,100,1
598,1203103,Apple,iPhone 14 Pro Max 128GB Silver 2BMQ9Q3 відновлений B,34099,100,1
599,1203101,Apple,iPhone 14 Pro Max 128GB Gold 2BMQ9R3 відновлений B,34099,100,1
600,1202735,Apple,iPhone 14 Pro Max 256GB Silver 2AMQ9V3 відновлений A,38599,100,1
601,1202717,Apple,iPhone 14 Pro Max 128GB Gold 2AMQ9R3 відновлений A,33999,100,1
602,1202115,Moto,Razr Fold 16/512GB Blackened Blue (PBAX0003PL),84999,100,2
603,1202116,Moto,Razr Fold 16/512GB Lily White (PBAX0007PL),84999,100,2
604,1202118,Moto,Razr 70 ultra 16/512GB Orient Blue (PBB20002PL),65999,60,4
605,1202117,Moto,Razr 70 ultra 16/512GB Cocoa (PBB20014PL),65999,60,4
606,1206873,Apple,iPhone 13 128GB Midnight R13NAKB відновлений B,17099,0,2
607,1206872,Apple,iPhone 13 128GB Midnight R13NAKA відновлений A,17999,0,2
608,1207422,Moto,Edge 70 pro 8/256GB Zinfandel (burgundy)(PBC20088RS),25999,100,6
609,1207420,Moto,Edge 70 pro 8/256GB Titan (dark blue)(PBC20087RS),25999,100,6
610,1123267,Xiaomi,Redmi Note 14 5G 8/256 Midnight Black,10999,75,8
611,1207553,Moto,Razr Fold 16/512 FIFA Edition (PBAX0037PL),89999,0,1
612,1207427,Infinix,HOT 70 8/256Gb Night Pulse (X6895B),13499,0,0
613,1207429,Infinix,HOT 70 8/256Gb Silver Dancer (X6895B),13499,0,0
614,1207430,Infinix,HOT 70 8/256Gb Quiet Violet (X6895B),13499,0,0
615,1207431,Infinix,HOT 70 4/128Gb Night Pulse (X6895),7499,0,0
616,1207432,Infinix,HOT 70 4/128Gb Silver Dancer (X6895),7499,0,0
617,1207912,Nubia,V80 Design 4/256 GB Black,9999,0,0
618,1207913,Nubia,V80 Design 4/256 GB Yellow,9999,0,0
619,1207914,Nubia,Neo 5 GT 5G 8/256 GB Black,18999,0,2
620,1208458,Realme,16 5G 8/256Gb Air Black (RMX5171),19999,0,0
621,1208457,Realme,16 5G 8/256Gb Air White (RMX5171),19999,0,0
622,1209030,Realme,C100i 4/128Gb Purple (RMX5377),8999,20,2
623,1209029,Realme,C100i 4/128Gb Grey (RMX5377),8999,20,2
624,1209335,Poco,C81 Pro 4/128GB Black,6999,40,2
625,1209336,Poco,C81 Pro 4/128GB Gold,6999,40,2
626,1209337,Poco,C81 Pro 4/128GB Green,6999,40,2
627,1209338,Poco,C81 Pro 4/256GB Black,8299,40,2
628,1209339,Poco,C81 Pro 4/256GB Gold,8299,40,2
629,1209340,Poco,C81 Pro 4/256GB Green,8299,40,2
630,1210296,Poco,X8 Pro 8/256GB Yellow,20499,"94,51",139
631,1210298,Poco,X8 Pro 12/512GB Yellow,24999,"94,51",139
632,1185936,Nomi,i2415 Black (чорний),849,0,0
633,1210433,Apple,iPhone 13 128GB Blue R13NABB відновлений B,16999,0,0
634,1210435,Samsung,Galaxy A27 5G 8/256 LIGHT PINK (SM-A276BLICEUC),18999,"98,00",15
635,1210436,Samsung,Galaxy A27 5G 8/256 BLUE (SM-A276BZBCEUC),18999,"98,00",15
636,1210437,Samsung,Galaxy A27 5G 6/128 BLACK (SM-A276BZKBEUC),14999,"98,00",15
637,1210438,Samsung,Galaxy A27 5G 6/128 LIGHT PINK (SM-A276BLIBEUC),14999,"98,00",15
638,1210439,Samsung,Galaxy A27 5G 6/128 BLUE (SM-A276BZBBEUC),14999,"98,00",15
639,1211210,Nokia,105 DS 2026 Blue,1149,100,2
640,1211209,Nokia,105 DS 2026 Black,1049,100,2
641,1211263,Xiaomi,Redmi 15C 4/256GB Midnight Black,7999,"95,72",392
642,1211264,Xiaomi,Redmi 15C 4/256GB Mint Green,7999,"95,72",392
643,1211265,Xiaomi,Redmi 15C 4/256GB Moonlight Blue,7999,"95,72",392
644,1212517,Apple,iPhone 16 Pro Max 256GB eSim Black Titanium (iP16PM2eBkT_A) відновлений A (USED),48499,0,0
645,1212504,Apple,iPhone 15 Pro Max 256GB eSim White Titanium (iP15PM2eWhT_A) відновлений A (USED),40999,0,0
646,1212503,Apple,iPhone 15 Pro Max 256GB eSim Natural Titanium (iP15PM2eNaT_A) відновлений A (USED),40999,0,0
647,1212411,Apple,iPhone 15 Pro 256GB Natural Titanium (iP15Pr25NaT_A) відновлений A (USED),39899,0,0
648,1212410,Apple,iPhone 15 Pro 256GB Blue Titanium (iP15Pr25BuT_A) відновлений A (USED),39899,0,0
649,1212409,Apple,iPhone 15 Pro 256GB Black Titanium (iP15Pr25BkT_A) відновлений A (USED),39899,0,0
650,1212352,Apple,iPhone 14 Pro 256GB Space Black (iP14Pr25SBk_B) відновлений B (USED),30499,0,0
651,1212351,Apple,iPhone 14 Pro 256GB Silver (iP14Pr25Sil_B) відновлений B (USED),30499,0,0
652,1212350,Apple,iPhone 14 Pro 256GB Gold (iP14Pr25Gol_B) відновлений B (USED),30499,0,0
653,1212349,Apple,iPhone 14 Pro 256GB Deep Purple (iP14Pr25DPl_B) відновлений B (USED),30499,0,0
654,1212323,Apple,iPhone 14 128GB Starlight (iP14__12Sta_B) відновлений B (USED),17799,0,0
655,1212320,Apple,iPhone 14 128GB Midnight (iP14__12Mid_B) відновлений B (USED),17799,0,0
656,1212317,Apple,iPhone 14 128GB Starlight (iP14__12Sta_A) відновлений A (USED),18799,0,0
657,1212314,Apple,iPhone 14 128GB Midnight (iP14__12Mid_A) відновлений A (USED),18799,0,0
658,1210295,Poco,X8 Pro 8/512GB White 2511FPC34G,22999,"94,51",139
659,1210294,Poco,X8 Pro 8/512GB Green 2511FPC34G,22999,"94,51",139
660,1210293,Poco,X8 Pro 8/512GB Black 2511FPC34G,22999,"94,51",139
661,1212928,Apple,iPhone 13 128GB Blue R13NABA відновлений A,17999,0,2
662,880584,Apple,iPhone 13 128GB Blue (MLPK3),29999,0,4
663,1008448,Apple,iPhone 13 128GB Green (MNGK3),29999,0,1
664,1213150,Sigma,X-treme PR68 TYPE-C black,2199,0,0
665,1213369,Apple,iPhone 16 Pro 256GB Black Titanium R16PBKA відновлений A,53999,0,0
666,1213368,Apple,iPhone 15 Pro 256GB Natural Titanium R15PBTA відновлений A,41999,0,0
667,1213367,Apple,iPhone 15 Pro 256GB Black Titanium R15PBKA відновлений A,41999,0,0
668,1213396,Samsung,Galaxy Flip 8 12/256GB Pink (SM-F776BLIGSEK),55999,0,0
669,1213392,Samsung,Galaxy Flip 8 12/512GB Cream (SM-F776BZWHSEK),64999,0,0
670,1213395,Samsung,Galaxy Flip 8 12/256GB Cream (SM-F776BZWGSEK),55999,0,0
671,1213394,Samsung,Galaxy Flip 8 12/256GB Graphite (SM-F776BZKGSEK),55999,0,0
672,1213391,Samsung,Galaxy Flip 8 12/512GB Graphite (SM-F776BZKHSEK),64999,0,0
673,1213390,Samsung,Galaxy Fold 8 12/256GB Cream (SM-F971BZWBSEK),81999,100,2
674,1213387,Samsung,Galaxy Fold 8 12/512GB Cream (SM-F971BZWCSEK),90999,100,2
675,1213389,Samsung,Galaxy Fold 8 12/256GB Lavender (SM-F971BLVBSEK),81999,100,2
676,1213386,Samsung,Galaxy Fold 8 12/512GB Lavender (SM-F971BLVCSEK),90999,100,2
677,1213388,Samsung,Galaxy Fold 8 12/256GB Graphite (SM-F971BZKBSEK),81999,100,2
678,1213384,Samsung,Galaxy Fold 8 16/1TB Cream (SM-F971BZWNSEK),108999,100,2
679,1213383,Samsung,Galaxy Fold 8 16/1TB Lavender (SM-F971BLVNSEK),108999,100,2
680,1213382,Samsung,Galaxy Fold 8 16/1TB Graphite (SM-F971BZKNSEK),108999,100,2
681,1213381,Samsung,Galaxy Fold 8 Ultra 12/256GB Cream (SM-F976BZWBSEK),90999,100,2
682,1213378,Samsung,Galaxy Fold 8 Ultra 12/512GB Cream (SM-F976BZWCSEK),99999,100,2
683,1213373,Samsung,Galaxy Fold 8 Ultra 16/1TB Cream (SM-F976BZWNSEK),117999,100,2
684,1213380,Samsung,Galaxy Fold 8 Ultra 12/256GB Violet Shadow (SM-F976BZVBSEK),90999,100,2
685,1213377,Samsung,Galaxy Fold 8 Ultra 12/512GB Violet Shadow (SM-F976BZVCSEK),99999,100,2
686,1213379,Samsung,Galaxy Fold 8 Ultra 12/256GB Graphite (SM-F976BZKBSEK),90999,100,2
687,1213376,Samsung,Galaxy Fold 8 Ultra 12/512GB Graphite (SM-F976BZKCSEK),99999,100,2
688,1213737,Xiaomi,REDMI 17 4/128GB Black,9799,20,2
689,1213739,Xiaomi,REDMI 17 4/128GB Oak Green,9799,20,2
690,1213740,Xiaomi,REDMI 17 4/256GB Black,11599,20,2
691,1213741,Xiaomi,REDMI 17 4/256GB Deep Blue,11599,20,2
692,1213742,Xiaomi,REDMI 17 4/256GB Oak Green,11599,20,2
693,1214284,Nokia,210 4G DS 2026 Dark Blue,2399,0,0
694,1214285,Nokia,215 4G DS 2026 Black,2899,0,0
695,1214286,Nokia,215 4G DS 2026 Red,2899,0,0
696,1214287,Nokia,235 4G DS 2026 Black,3199,0,0
697,1214288,Nokia,235 4G DS 2026 Blue,3199,0,0
698,TE020775-0087,Google,Pixel 7 8/128GB Obsidian,15375,40,5
699,21204190-0087,Samsung,Galaxy S23 Ultra 12/512Gb Green (SM-S918BZGH),42633,0,4
700,22613183-0087,Samsung,Galaxy S23 FE 8/128Gb Mint (SM-S711B/DS),19676,0,17
701,TE020163-0087,Samsung,Galaxy S21 5G 128GB SM-G991U Phantom Gray 1 SIM (USA Version),12730,20,60
702,1836445245-1756,Google,Pixel 6 8/128GB Stormy Black,12565,20,3
703,21991017-0087,Blackview,OSCAL PILOT 1 6/256gb Black NFC,9429,60,6
704,26754825-0087,Samsung,Galaxy S23 FE 5G 8/128Gb Graphite SM-S711U (1sim+eSIM) (USA Version),18924,100,7
705,19120620-0087,Samsung,Galaxy S21 FE 5G 6/128Gb G990U1 Graphite (USA Version),12741,0,2
706,21204215-0087,Samsung,Galaxy S23 Ultra 12/256Gb Phantom Black (SM-S918BZKG),40687,0,5
707,24050138-0298,Sigma,Comfort 50 CF115 Easy Red UA,576,0,0
708,TE210224EK16-0087,Samsung,Galaxy S21 8/128GB Phantom Grey (SM-G991BZADSEK),13838,0,8
709,13259565-0087,Samsung,Galaxy S23 8/256GB Cream (SM-S911U1) (USA Version),26988,0,1
710,26761989-4340,Oneplus,Ace 5 12/256GB NFC Full Speed Black ( Global ROM ),22561,100,18
711,14448059-0087,Google,Pixel 8 Pro 12/128GB Obsidian,28171,0,2
712,84723-3355,Caterpillar,CAT S75 6/128GB 5G Black [82779],23039,0,1
713,19859801-0298,Sigma,X-Style 18 Track Black,586,0,0
714,13330151-0087,Samsung,Galaxy S23 5G 8/256GB SM-S911U1 Phantom Lavender (USA Version),26988,0,1
715,14799507-3025,Samsung,Galaxy S22 Ultra 8/128 1 sim Phantom Green,37500,20,7
716,15263771-0087,Ulefone,Armor 24 12/256GB Black (Global Version),14623,0,2
717,19165465-3025,Samsung,Glaxy S22 Ultra 2 sim 12/256 Phantom Black,40500,0,2
718,24554442-5796,Samsung,Galaxy S22 SM-S901U sim +esim 8/128GB Phantom Black,18500,0,2
719,TE020879-0087,Samsung,Galaxy S21 5G 8/128GB SM-G991U Phantom White 1SIM (USA Version),14988,100,25
720,242184-0548,Google,Pixel 7 8/128GB Lemongrass,16695,0,0
721,14451879-0087,Samsung,Galaxy S22 8/128Gb Phantom Black (SM-S901BZKD),18655,0,5
722,TE020872-0087,Google,Pixel 7 Pro 12/128GB Snow,17149,0,10
723,24675014-0199,Ulefone,Armor 26 Ultra 12/512Gb Black,20382,0,0
724,19028948-0087,Samsung,Galaxy Note 20 Ultra 12/128Gb SM-N986U Bronze 1 sim (USA Version),21601,0,1
725,19120463-0087,Samsung,Galaxy S22 5G 8/128Gb Phantom Black SM-S901U (USA Version),16451,0,4
726,19409046-3355,Apple,"iPhone 16 Pro Max 256GB Desert Titanium (MYWX3) [114866] ""Seller Refurbished""",88499,0,0
727,19472084-4340,Ulefone,Armor 27 Pro 5G 12/256GB Black ( Global Version ),18110,0,0
728,19472088-4340,Oukitel,WP28S 4/128GB Black ( Global Version ),8177,0,0
729,19885537-0087,Cubot,KingKong ES 6/128Gb Orange (Global Version),6612,0,0
730,21302430-3355,Oneplus,13 16/512GB Blue CN (no OTA) [123414],41579,0,9
731,22161713-4340,Blackview,Oscal PILOT 1 6/256GB Orange ( Global Version ),9400,0,1
732,22474831-3355,Apple,"iPhone 16 128GB eSim Black (MYAP3) [129983] ""Seller Refurbished""",39539,0,0
733,22613166-0087,Samsung,Galaxy S23 Ultra 12/512GB Phantom Black SM-S918U 1 SIM (USA Version),39429,0,1
734,22613172-0087,Samsung,Galaxy S23 Ultra 8/256GB Phantom Black (SM-S918UZKA) 1 SIM (USA Version),36182,0,4
735,24069836-3025,Samsung,Galaxy S23 Ultra 2 sim SM-S918B/DS 12/512 Green,45000,0,3
736,22593018-5069,Samsung,"Galaxy A70 (A705F) 128gb White 2 SIM 6.7"" NFC GPS 4500 мАч",6500,0,1
737,34453127-5069,Samsung,Galaxy A55 8/256GB Navy Blue,17799,0,3
738,23194484-5069,Samsung,"Galaxy A73 5G (A736B) 8/256GB Gray 6.7"" 2400x1080 2SIM LTE 5G NFC Bluetooth 5.0 5000 mAh Snapdragon 778G",10499,100,6
739,22511608-0087,Samsung,Galaxy S24 Ultra 12/256Gb Titanium Black (SM-S928B/DS),46827,100,11
740,32538780-5069,Samsung,Galaxy A55 8/256GB Dual Sim Lilac RFB,15500,0,2
741,23321146-5069,Samsung,"Galaxy A72 (A725F) 6/128GB Light Violet 6.7"" 2400x1080 2SIM LTE NFC Bluetooth 5.0 5000 mAh Snapdragon 720G",7199,100,10
742,16089829-0087,Realme,12 Pro 8/256Gb (RMX3842) Navigator Beige,15859,0,0
743,22844636-5069,Samsung,A54 8/256GB Graphite 2 SIM 5G 6.4 120 Гц NFC 5000 мАч,16999,0,5
744,23195419-5069,Samsung,"Galaxy A72 (A725F) 6/128GB Black 6.7"" 2400x1080 2SIM LTE NFC Bluetooth 5.0 5000 mAh Snapdragon 720G",8000,100,10
745,16072218-0248,Sigma,mobile X-treme PQ56 black,8095,0,0
746,30495244-4340,Oneplus,Ace 6T 5G 12/256GB NFC Flash Black,27357,0,7
747,21414391-5058,Iphone,"12 128GB Black, A2403 (Grade B) Seller Refurbished (MGJA3)",16359,90,4
748,15591255-0248,Sigma,mobile X-treme PQ55 black,8353,0,0
749,NW27299-0248,2e,E240 2022 Black,960,0,0
750,22769629-5069,Samsung,"Galaxy A12 4/64Gb Black (SM-A127F), 2 SIM 6.5"" Exynos 850 NFC 5000 мАч",5500,0,0
751,16034185-0087,Sigma,mobile X-style 351 LIDER blue,1365,0,0
752,33409470-5069,Nokia,2720 flip Black,3000,0,1
753,33876850-5069,Samsung,"Galaxy A51 5G 8/256GB Black, 6.5"" AMOLED, 48MP, Dual SIM (7676238781)",10999,0,0
754,19580625-5069,Samsung,"Galaxy A10s (A107F) 2/32 GB Blue 2 SIM 6.2"" Bluetooth 5.0 4000 мАh",4499,100,1
755,TE210427EK36-0087,Samsung,Galaxy S21 Ultra SM-G998U1 5G 12/128GB Phantom Black 1 SIM (USA Version),19182,40,15
756,23195413-5069,Samsung,"Galaxy S21FE 5G (G990B) 8/256GB Graphite 6.4”, 2 SIM, Full HD+, 4500 мАч, NFC, Bluetooth 5.0",11499,0,6
757,22857522-5069,Samsung,"Galaxy S21 (G991B) 8/256GB Phantom Black, 2 SIM 5G 6.2"" Exynos 2100 NFC GPS IP68 4000 мА·ч",9999,0,3
758,28922492-3355,Infinix,HOT 60 Pro + 8/256Gb Sleek Black (X6886),12779,0,0
759,32538781-5069,Samsung,Galaxy A55 8/256GB Dual Sim Light Blue RFB,15500,0,0
760,33608746-5069,Samsung,Galaxy S3 (I9300) 16GB Black,3599,0,0
761,34161115-5069,Samsung,Galaxy M22 128GB Blue (764764788327) Refurbished,4140,0,0
762,21784042-5069,Samsung,"Galaxy Flip 3 (F711B) 8/128Gb Phantom Black 5G 6.7"" 3300mAh",14000,20,1
763,22857555-5069,Samsung,"Galaxy A53 8/256Gb Peach 2 SIM 6.5"" Exynos 1280 NFC 64 Мп 4К 5000 мАч",12499,20,7
764,22847730-5069,Samsung,"Galaxy A53 6/128Gb Black 2 SIM 6.5"" Exynos 1280 NFC 64 Мп 4К 5000 мАч",10999,20,7
765,TE201027EK10-0087,Google,Pixel 5 8/128Gb Sorta Sage,12031,90,17
766,14451914-0087,Samsung,Galaxy S22 Ultra 8/128Gb Phantom Black SM-S908U (USA Version),24085,0,4
767,29186792-0087,Google,Pixel 10 Pro 16/128Gb Obsidian,43375,0,0
768,TE211118EK90-0087,Samsung,Galaxy S20 FE 5G SM-G781B 8/256GB Cloud Red,27031,100,2
769,22847766-5069,Samsung,"Galaxy A53 8/256Gb Blue 2 SIM 6.5"" Exynos 1280 NFC 64 Мп 4К 5000 мАч",12499,20,7
770,21676775-5069,Samsung,"Galaxy A32 (SM-A325F) 4/64GB White 2 SIM LTE 6.4"" 2400x1080 90 Гц NFC 5000 mAh Б/В",7500,0,0
771,TE200313SA12-0087,Samsung,Galaxy Note 9 6/128GB Black (SM-N960U) 1 sim,11870,0,9
772,TE211118EK106-0087,Samsung,Galaxy S21 Ultra 12/128GB Phantom Black (SM-G998BZKDSEK),20805,40,9
773,22511617-0087,Samsung,Galaxy S25+ 12/256GB Silver Shadow (SM-S936BZSD),42633,60,1
774,17251449-5069,Samsung,"Galaxy A50 (A505F) 4/64GB Blue 6.4"" 2340x1080 2SIM LTE NFC Bluetooth 5.0 4000 mAh Exynos 96",7499,0,1
775,21296239-5069,Samsung,"Galaxy A10 (SM-A105F) 2/32GB Red 2 SIM LTE 6.2"" 1520x720 TFT 3400 mAh",4000,0,1
776,31653956-0087,Realme,GT 8 PRO 16/512Gb (RMX5120) Blue,57074,0,0
777,TE021282-0087,Samsung,Galaxy S21+ 5G 8Gb/128Gb SM-G996U Phantom Black 1SIM (USA Version),13010,100,15
778,18149124-5069,Samsung,S4 i9500 Black з потужною камерою та восьмиядерним процесором,3199,20,2
779,TE210906EK07-0087,Ulefone,Armor 8 Pro 8/128Gb Global (Black),10149,100,2
780,TE019933-0087,Google,Pixel 6a 6/128GB Charcoal (Global Version),11762,0,8
781,23908326-0087,Samsung,Galaxy S24 Ultra 12/256Gb Titanium Grey (SM-S928U) 1SIM (USA Version),44988,0,0
782,TE201120EK135-0087,Samsung,Galaxy Note 9 N960U1 6/128Gb Ocean Blue 1 SIM (USA Version),11870,0,0
783,15544747-5069,Samsung,Galaxy S10e 1 sim G970 128 Gb Black оригинал,17999,0,1
784,26665056-0087,Samsung,Galaxy S24 Ultra 5G 12/256Gb Titanium Black S928U1 (USA Version),43644,0,2
785,34143408-5069,Samsung,"Galaxy A06 4/128GB Light Green 2 SIM 6.7"" GPS 50 Мп 5000 mAh RFB (43543446)",6500,0,0
786,TE210405EK11-0087,Samsung,G996B/DS 5G Galaxy S21 Plus 8/128 Phantom Black,14838,0,0
787,TE019078-0087,Blackview,A95 8/128Gb Rainbow,6612,100,3
788,TE020932-0087,Honor,70 8/256GB Midnight Black,18494,0,1
789,TE020116-0087,Samsung,Galaxy S20 Ultra G988B/DS 5G 12/128GB White,18106,70,7
790,23973580-5069,Samsung,"Galaxy M20 4/64GB Blue 2SIM 6.3"" PLS FHD+ 2340x1080 13Мп/8Мп 5000 mAh Exynos 7904 Bluetooth 5.0 Type-C (87652150)",4949,0,0
791,TE211124EK36-0087,Google,Pixel 6 8/128GB Kinda Coral,12558,0,2
792,TE019077-0087,Blackview,A95 8/128Gb Blue,6612,100,3
793,TE201008EK08-0087,Ulefone,Armor X5 Pro 4/64Gb Orange,7795,"86,66",15
794,TE211001EK19-0087,Blackview,BL5000 5G 8/128GB Orange,14461,0,1
795,TE020867-0087,Samsung,Galaxy S20 5G SM-G981FD 8/128GB Gray 2Sim,16526,20,2
796,1508459271-4340,Ulefone,Armor 9 8/128Gb Black С ТЕПЛОВИЗОРОМ! ( Global ORIGINAL ),14874,0,0
797,31281149-0087,Oneplus,15R 12/512GB Charcoal Black (Global Version),35139,0,0
798,TE210906EK27-0087,Doogee,S97 Pro 8/128Gb Orange,11795,40,3
799,TE210906EK06-0087,Doogee,S97 Pro 8/128Gb Red,11795,40,3
800,TE191203SD03-0087,Ulefone,Armor X5 3/32Gb red,6278,"88,88",13
801,14548138-0087,Blackview,A96 8/256Gb black,10160,0,0
802,TE211217EK89-0087,Google,Pixel 6 8/128GB Sorta Seafoam EU,12558,60,3
803,21078570-5069,Samsung,"Galaxy A02 2/32GB Black (SM-A022G), 2 SIM 4G 6.5"" GPS 5000 мА·ч",4000,0,0
804,TE200922EK06-0087,Oukitel,WP5 Pro 4/64GB Black (Global),7397,0,0
805,TE020143-0087,Oneplus,Nord CE 5G 12/256GB Blue Void (Global),17924,0,0
806,TE200120EK10-0087,Blackview,"A80 Plus (4+64Gb, АКБ 4680 мАч) Black",4730,0,0
807,TE019936-0087,Google,Pixel 6a 6/128GB Sage (Global),12031,0,5
808,TE2108016EK11-0087,Blackview,A100 Gray,8709,0,0
809,TE200515EK01-0087,Blackview,BV9800 Pro Orange,10902,0,2
810,28789032-0087,Samsung,Galaxy S23 FE 8/128GB Graphit (SM-S7110) (Asian Version),17300,0,1
811,TE210224EK19-0087,Oukitel,F150 Bison 2021 6/64GB Sahara,7311,0,10
812,TE210818EK118-0087,Doogee,S97 Pro black,11795,0,1
813,TE220204EK53-0087,Ulefone,Armor 12 8/128GB Orange,12085,0,0
814,TE201117EK27-0087,Ulefone,ARMOR 8 4/64Gb Orange,7472,0,0
815,TE201005EK16-0087,Ulefone,ARMOR 8 4/64Gb NFC Red,7526,0,1
816,TE211217EK91-0087,Google,Pixel 6 Pro 12/128GB Sorta Sunny EU,14192,20,2
817,TE210913EK06-0087,Ulefone,Armor 8 Pro 8/128Gb Red,10149,0,0
818,TE200120EK11-0087,Blackview,A80 Plus Blue,4730,0,0
819,TE200513EK05-0087,Ulefone,Armor X7 2/16GB Black,7741,0,2
820,TE210924ER01-0087,Ulefone,Armor 8 Pro 8/128Gb (Orange) Global,10149,0,0
821,TE200111EK25-0087,Doogee,S96 PRO 8/128GB Orange,12902,0,1
822,TE200513EK06-0087,Ulefone,Armor X7 2/16GB Orange,8063,0,2
823,TE019939-0087,Oukitel,F150 Air1 6/64GB Black ( Global ORIGINAL ),5483,0,0
824,TE200703EK19-0087,Oukitel,WP5 4/32Gb black,6451,0,2
825,TE190129J17-0087,Google,Pixel 3 4/128GB Just Black “Seller Refurbished”,9999,80,1
826,TE201104EK17-0087,Doogee,S40 Pro 4/64GB Green,7278,0,0
827,TE020045-0087,Oneplus,Nord N20 SE 4/64GB Black (Global Version),10365,0,1
828,TE211001EK14-0087,Blackview,BV6600E 4/32Gb Global (Black),7515,0,0
829,14451829-0087,Samsung,Galaxy S21 Ultra 12/128Gb Phantom Silver (SM-G998BZSDSEK),20805,0,0
830,TE019930-0087,Agm,Glory G1S 8/128Gb Black-Orange Night Vision,29730,0,0
831,TE021657-0087,Doogee,S100 12/256Gb Black,14934,0,2
832,TE200111EK12-0087,Doogee,S96 PRO 8/128GB Green,12902,0,0
833,TE200630EK18-0087,Agm,A10 3/32Gb black,5773,0,0
834,TE200630EK19-0087,Agm,A10 4/64Gb black,6214,0,0
835,TE210427EK09-0087,Samsung,Galaxy S21 Ultra G998B/DS 5G 12/256GB Phantom Black,20859,0,3
836,TE211118EK15-0087,Blackview,BV6600 Pro 4/64gb Black тепловизор,13590,0,1
837,TE020144-0087,Oukitel,F150 B1 6/64Gb Tough Black,6848,0,2
838,TE201110EK17-0087,Blackview,BV9900E Silver,14278,100,1
839,TE020006-0087,Blackview,Oscal C60 4/32Gb Black,5418,0,0
840,14451771-0087,Samsung,Galaxy S22 Ultra 12/512Gb Black (SM-S908BZKH),31773,0,0
841,TE210818EK07-0087,Ulefone,Armor 8 Pro 6/128GB (Black),9354,100,1
842,TE200930EK30-0087,Oukitel,WP5 Pro 4/64GB Orange,7397,0,0
843,12997537-0087,Realme,9 Pro+ 6/128Gb Black (Global Version),15569,0,0
844,TE220204EK52-0087,Ulefone,Armor 11T 5G 8/256GB Black,20214,0,0
845,TE210505EK07-0087,Blackview,BV6600 4/64Gb NFC Orange,8859,0,1
846,12997579-0087,Realme,11 Pro+ 5G 12/512GB Black (Global Version),21504,0,3
847,13330096-0087,Samsung,Galaxy S20 Ultra G988B/DS 5G 12/128Gb Black,18106,0,0
848,14451794-0087,Samsung,Galaxy S21 Ultra SM-G998U1 5G 12/128Gb Phantom Silver (USA Version),19182,0,0
849,14451845-0087,Samsung,Galaxy S21 G991B/DS 5G 8/256Gb Phantom White,16988,0,0
850,TE211130EK17-0087,Blackview,BV6600 Pro Orange,13590,0,0
851,TE210519EK07-0087,Samsung,Galaxy S20 Ultra 5G SM-G988U 12/128Gb Gray 1SIM (USA Version),18171,0,0
852,NW22466-0248,Samsung,Galaxy A03 Core 2/32GB Bronze (SM-A032FZCD),3806,20,1
853,14222096-0087,Tecno,Spark 10 (KI5q) 8/128Gb DS Meta Blue UA UCRF,7182,0,0
854,14221935-0087,Hotwav,Cyber ​​13 Pro 12/256GB Black NFC (Global Version),9859,0,2
855,TE019367-0087,Blackview,BL8800 8/128GB Orange (Global Version),15666,0,0
856,24605611-5796,Google,Pixel 7 Pro 12/256GB Obsidian,22500,0,0
857,TE021291-0087,Samsung,Galaxy S21 Ultra 5G 12/256Gb SM-G998U Phantom Silver 1SIM (USA Version),21365,0,1
858,TE021581-0087,Infinix,Note 12 2023 8/256Gb White,10408,0,0
859,TE021113-0087,Infinix,Note 12 2023 8/128Gb blue,9676,0,0
860,TE019366-0087,Blackview,BL8800 8/128GB Green (Global Version),15666,0,0
861,TE210302EK07-0087,Blackview,A80s 4/64GB Red,4881,0,3
862,24674715-0199,Blackview,A85 8/128gb blue (101470),6103,0,0
863,14548157-0087,Realme,Narzo 50i 4/64GB Black (Global Version),7085,0,0
864,TE022033-0087,Cubot,P80 8/256GB Black NFC,7365,0,3
865,TE021038-0087,Infinix,hot 20 5G 4/128Gb blue,10106,0,0
866,TE019314-0087,Blackview,A55 Pro 4/64Gb Cloud White,5203,0,1
867,TE021039-0087,Infinix,hot 20 5G 4/128Gb green,10106,0,1
868,TE211008EK52-0087,Oukitel,C25 4/32Gb Green,6848,0,0
869,TE201104EK18-0087,Doogee,S40 Pro 4/64GB Orange,7278,0,1
870,TE021112-0087,Oukitel,F150 Air1 Ultra 8/256Gb purple Night Vision,12558,0,0
871,13259532-0087,Doogee,S100 Pro 12/256GB Gold (Global Version),15311,0,0
872,TE021580-0087,Infinix,Note 12 2023 8/256Gb Gray,10408,0,0
873,33780137-0087,Zte,REDMAGIC 11 Pro 24/1TB Subzero (Global Version),70268,0,2
874,24674711-0199,Blackview,A85 8/128gb black (101468),6103,0,0
875,14451832-0087,Samsung,Galaxy S21 G991B/DS 5G 8/256Gb Phantom Black,16988,0,1
876,13330116-0087,Samsung,Galaxy S20 Ultra 5G G988N 12/256Gb 1sim Cosmic Black (USA Version),17569,0,2
877,13895595-0087,Apple,iPhone 12 Pro 256Gb Blue Seller Refurbished,19676,0,1
878,12997594-0087,Realme,GT 2 Pro 5G 12/256Gb Paper Green (Global Version),30913,0,2
879,14548209-0087,Google,Pixel 8 Pro 12/128GB Bay,25418,0,2
880,TE201104EK16-0087,Doogee,S40 Pro 4/64GB Black,7278,0,0
881,13259522-0087,Doogee,S100 Pro 12/256GB Silver (Global Version),15311,0,0
882,14121951-0087,Infinix,ZERO ULTRA 5G 8/256Gb Black,20160,0,0
883,12997540-0087,Oppo,Reno 6 5G 8/128Gb Aurora,19074,0,0
884,16966627-5069,Samsung,"Galaxy A51 (A515F) 4/64 GB White 2SIM 6.5"" 2400x1080 4000 mAh (454332189)",4499,0,1
885,12997544-0087,Oppo,Reno 6 Pro 5G 12/256Gb Lunar Gray,26171,0,0
886,TE210211EK02-0087,Cubot,X20 black,6074,0,0
887,14221917-0087,Oukitel,WP28 8/256Gb green,8601,0,0
888,TE019166-0087,Doogee,V20 8/256Gb Gray,14999,0,1
889,14221926-0087,Realme,11 Pro+ 8/256GB Sunrise Beige (Global Version),18171,0,0
890,TE022075-0087,Sigma,Comfort 50 CF113 HIT2020 Orange UA UCRF,944,0,0
891,TE019022-0087,Doogee,S98 8/256GB Orange,8967,0,0
892,13259479-0087,Cubot,X70 12/256GB Tech Black NFC (Global Version),10408,100,2
893,12997525-0087,Realme,C25Y 4/128Gb Glacier Blue,6666,100,1
894,24674805-0199,Hotwav,Cyber ​​X 8/256GB Black NFC (Global Version),10354,0,0
895,TE019472-0087,Doogee,V20 8/256gb Red,14999,0,1
896,TE019325-0087,Doogee,S98 8/256gb Black,11612,0,0
897,TE019833-0087,Doogee,S98 8/256gb Red,8967,0,0
898,15050931-0087,Blackview,A96 8/256Gb Provence Purple (Global Version) NFC,10160,0,0
899,14121938-0087,Ulefone,Armor 21 8/256GB Black (Global Version),13063,0,1
900,TE022179-0087,Google,Pixel 7a 8/128GB Sea (USA Version),14623,0,5
901,14221972-0087,Cubot,Note 50 8/256GB Green (Global Version) NFC,7042,0,0
902,12997487-0087,Realme,10 8/256Gb NFC Black (Global Version),11483,0,1
903,12997557-0087,Oppo,Find X5 Pro 12/256Gb Black,45160,0,0
904,15050962-0087,Google,Pixel 8 Pro 12/128GB Porcelain,25418,0,1
905,15050937-0087,Google,Pixel 8 8/128GB Hazel,20644,0,3
906,12997533-0087,Realme,GT Neo 3 5G 12/256Gb Blue (Global Version),25569,0,1
907,TE022047-0087,Cubot,P80 8/256Gb Blue NFC,7526,0,1
908,12997652-0087,Oppo,Reno 4 Pro 5G 12/256Gb Blue (Global Version),22042,0,0
909,12997611-0087,Oppo,Reno 7 5G 8/256Gb Startrails Blue (Global Version),19891,0,0
910,13330120-0087,Samsung,Galaxy S20 Ultra 5G G988B/DS 12/128Gb Gray,18106,0,0
911,13895652-0087,Apple,iPhone 12 Pro 128Gb Pacific Blue Seller Refurbished,16773,0,1
912,TE022089-0087,Agm,G2 Guardian 12/256gb Black,48752,0,0
913,12997542-0087,Realme,9i RMX3491 4/128Gb Blue (Global Version),7461,0,0
914,12997577-0087,Realme,GT 5G 8/128Gb Silver,20257,0,0
915,12997534-0087,Realme,10 4/128Gb NFC Black (Global Version),10429,0,0
916,15050956-0087,Ulefone,Armor 22 8/128GB Black (Global Version),9461,0,0
917,13010353-0087,Unihertz,Luna 8/256Gb white Night Vision,13117,0,0
918,12997613-0087,Oppo,Reno 5Z 8/128Gb Cosmo Blue (Global Version),13805,0,0
919,12997620-0087,Realme,C35 4/128Gb Glowing Black Без NFC (Global Version),8214,0,0
920,12997641-0087,Realme,Narzo 50 4/128Gb Speed Blue,9623,0,0
921,12997590-0087,Realme,C35 4/128Gb Glowing Green Без NFC (Global Version),8214,0,0
922,13330139-0087,Blackview,BV8900 8/256GB Green (Global Version),13106,0,0
923,12738132-0087,Blackview,BV5300 Pro 4/64Gb black,6816,0,0
924,TE019934-0087,Google,Pixel 6a 6/128GB Chalk (Global Version),12031,0,3
925,233909-0782,Ulefone,Note 8 2/16GB Amber Sunrise (6937748733782),2814,0,0
926,TE020023-0087,Oneplus,10T 16/256Gb Black (Global),26106,0,0
927,18484144-5069,Nokia,"3250 XPressMusic, TFT, Зум 20х, 1000 mAh",7500,0,1
928,24605609-5796,Google,Pixel 7 Pro 12/256GB Hazel,22490,0,0
929,TE200622EL17-0087,Wiko,View 4 3/64Gb Black,5526,0,0
930,12997501-0087,Oppo,Find X5 8/256Gb White,27354,0,0
931,21032272-5069,Samsung,"Galaxy A12 3/32Gb Blue (SM-A127F), 2 SIM 6.5"" Exynos 850 NFC 5000 мАч",4999,0,0
932,23453254-5069,Samsung,"Galaxy A53 8/256Gb White 2 SIM 6.5"" Exynos 1280 NFC 64 Мп 4К 5000 мАч",11000,0,1
933,30369738-0298,Zte,Nubia Neo3 5G 8/256Gb Black UA,9214,0,1
934,19676339-5069,Oppo,"A53 4/64GB Green, 2 SIM, 6.5"", 90 Гц, Snapdragon 460, NFC, 5000 mAh",4599,100,2
935,12826777-0087,Samsung,Galaxy S21 Ultra SM-G998U1 5G 12/256Gb Phantom Black (USA Version),21365,0,0
936,26754843-0087,Vivo,X200 5G 16/512Gb Black (Global Version) NFC,48870,0,0
937,18548665-5069,Samsung,"Galaxy A30 3/32GB Black, Super AMOLED, Exynos 7904, 16+5 Мп, 4000 мАч (734652395)",3999,0,0
938,24050083-0298,Realme,C75 8/256Gb Storm Black NFC UA,8138,100,2
939,18044023-0087,Google,Pixel 8a 8/128GB Obsidian,22257,0,5
940,14799609-3025,Samsung,Galaxy S22 Ultra 8/128 1 sim Burgundy,37500,20,15
941,12997489-0087,Oppo,Reno 8 5G 8/256Gb Shimmer Black,19891,0,0
942,33852449-0087,Vivo,V70 12/256GB Gold (Global Version),36537,0,0
943,29635279-3355,Infinix,HOT 60 Pro + 8/256Gb Moco Cyber Green (X6886),12779,0,0
944,31653884-0087,Motorola,Moto G75 8/256GB Charcoal Grey (Asian Version) без NFC,10967,0,1
945,28922489-3355,Infinix,HOT 60 Pro + 8/256Gb Titanium Silver (X6886),12779,0,0
946,30382647-0548,Oneplus,15 12/256GB Black (Global Version),35464,0,1
947,31961848-0087,Oppo,Find X7 Ultra 16/256GB Brown (Global Version),45418,0,0
948,28728868-0248,Samsung,galaxy a56 5g 8/256gb awesome світло-сірий (sm-a566bzac),19633,0,0
949,22883524-5069,Samsung,"Galaxy S20 FE (SM-G780G) 256GB Cloud Navy, 2 SIM 6.5"" Snapdragon 865 NFC 4500 mAh",13000,0,1
950,34026571-5698,Oneplus,Nord CE5 8/256GB Black Infinity,15708,0,0
951,TE210211EK09-0087,Samsung,Galaxy Flip 5G F707B 8/256GB Aura Mystic Gray,36358,0,0
952,31281016-0087,Samsung,Galaxy S24+ 8/256GB Onyx Black (SM-S926U) (1sim) USA Version,33870,0,3
953,34026712-5698,Google,Pixel 10 12/128GB Obsidian (nano sim + esim),32061,0,0
954,20469872-5069,Samsung,"Galaxy A7 2018 (A750F) 4/64Gb Black, 2 SIM 6"" Super AMOLED Exynos 7885 NFC 3300 мАг",4500,0,4
955,21296241-5069,Samsung,"Galaxy A10 (SM-A105F) 2/32GB Blue 2 SIM LTE 6.2"" 1520x720 TFT 3400 mAh",4000,40,2
956,TE210413EK137-0087,Samsung,Galaxy S21 Plus G996B/DS 5G 8/256GB Phantom Black,17569,0,1
957,TE210427EK07-0087,Samsung,Galaxy S21 G991B/DS 5G 8/128GB Phantom Violet,15602,0,0
958,15050982-0087,Google,Pixel 8 8/128GB Obsidian,24558,0,2
959,23874213-5069,Samsung,"Galaxy S21 Plus 5G 8/128GB Phantom Black 2 SIM 6.7"" Gorilla Victus 8K NFC 4800 мАг",12500,0,3
960,21675950-5069,Samsung,"Galaxy A32 (SM-A325F) 4/64GB Black 2 SIM LTE 6.4"" 2400x1080 90 Гц NFC 5000 mAh Б/В",7500,0,0
961,33137103-0087,Oneplus,15 12/256GB Sand Gold (Asian Version) NFC OxygenOS+OTA,36558,0,1
962,TE210727EK20-0087,Samsung,Galaxy S20 FE 5G 6/128Gb SM-G781U Cloud Navy 1 SIM (USA Version),13278,100,17
963,15544575-5069,Nokia,6233 Black оригінал 1100 мА·год,3679,0,0
964,15544626-5069,Nokia,8800 Black оригінал новий (1855972577),8999,0,4
965,TE019144-0087,Google,Pixel 6 Pro 12/256GB Cloudy White,15580,0,11
966,18926686-5069,Samsung,"Galaxy A30 3/32GB Blue, Super AMOLED, Exynos 7904, 16+5 Мп, 4000 мАч (734652396)",3999,0,0
967,17251457-5069,Samsung,"Galaxy S9 Plus G965F 2сим Black 64ГБ Super AMOLED 6.2"" 8 ядер 12+12МП 3000 mAh",14999,0,0
968,31961841-0087,Vivo,X200 Pro 16/512GB Black (Global Version),64354,0,0
969,33780158-0087,Samsung,Galaxy S24 Ultra 12/512GB Yellow (SM-S928U) 1 SIM (USA Version),48601,0,1
970,24080381-0486,Samsung,Galaxy A56 5G 8/256 GB Awesome Graphite (SM-A566BZKC) (SM-A566BZKCEUC),21560,0,0
971,30412058-0548,Ulefone,Armor X16 6/128Gb Wasteland Shadow,9724,0,0
972,32579907-5069,Infinix,Hot 50 Pro 8/256GB Titanium Grey RFB,8000,0,0
973,TE210519EK10-0087,Samsung,Galaxy S20+ 5G 128GB SM-G986U Gray 1 SIM (USA Version),12730,"73,33",38
974,18937653-5069,Samsung,"Galaxy A30s (A307F) 3/32GB Green 2SIM 4G 6.4"" 4000 mAh Bluetooth 5.0 25 Мп + 5 Мп + 8 Мп ""Refurbished""",3999,0,0
975,17251438-5069,Samsung,"Galaxy A31 (A315F) 4/64GB White 2 SIM LTE 6.4"" 2400x1080 60 Гц 5000 mAh Bluetooth 5.0 NFC",4499,0,0
976,24719881-0087,Google,Pixel 9a 8/256GB Obsidian,24375,0,4
977,31653872-0087,Oneplus,15 12/256GB Black (Asian Version) NFC OxygenOS+OTA,36558,0,1
978,TE020029-0087,Oneplus,9 Pro 8/128GB Pine Green (Global),17386,0,0
979,34007114-5698,Nothing,Phone (3a) Pro 12/256GB Gray,20891,0,0
980,18527815-1756,Google,Pixel 7 8/128GB Obsidian,14605,0,0
981,17827124-5069,Samsung,"Galaxy Note 10 Lite N770F 6/128GB Black Super AMOLED 6.7"" 2 SIM 4500 mAh",9999,60,5
982,21031638-5069,Samsung,"Galaxy A12 3/32Gb Black (SM-A127F), 2 SIM 6.5"" Exynos 850 NFC 5000 мАч",3999,0,0
983,15544598-5069,Samsung,s3600 Black,3609,0,4
984,30265130-5069,Huawei,"P30 Pro 8/256GB Black 6.47"" 2340 x 1080 2 SIM 4G 40 МП+20 МП+8 МП 4200 мАч Bluetooth 5.0 NFC (77763547)",25000,0,0
985,34161116-5069,Samsung,Galaxy M22 128GB Black (7473653248) Refurbished,6899,0,0
986,22511630-0087,Samsung,Galaxy S24 Ultra 12/256Gb Titanium Violet (SM-S928B/DS),47397,100,11
987,TE020934-0087,Huawei,Nova 10 8/128GB Black,19784,0,0
988,17042548-5069,Samsung,Galaxy S10 (SM-G973F) 8/128 Black,14999,0,0
989,23864995-5069,Nokia,"3310 (2000), надійний, міцний та довговічний, оригінал (1873961728)",3000,0,0
990,21760346-5069,Samsung,"Galaxy A21 3/32GB Black (SM-A217F) 2 SIM NFC 6.5"" 48 Мп 5000 mAh",6000,0,0
991,32870120-5069,Nokia,2720 flip Black,2599,0,1
992,28922491-3355,Infinix,HOT 60 Pro + 8/256Gb Misty Violet (X6886),12779,100,1
993,24332457-0486,Cmf,by Nothing Phone 1 8/128GB Black (Global Version),9975,0,0
994,121-3025,Samsung,Galaxy Note 20 Ultra 1 Sim N986U 12/128 Mystic Black,39300,40,9
995,18220773-5069,Nokia,N82 Black 1050 мАч,2999,0,3
996,31280971-0087,Samsung,Galaxy S24 Ultra 12/512GB Titanium Green (SM-S928BLGH),50203,0,0
997,184-3025,Apple,"iPhone 11 Pro 256GB Midnight Green (MWCQ2) ""Seller Refurbished""",34500,0,9
998,185-3025,Apple,"iPhone 11 Pro 256GB Silver (MWCN2) ""Seller Refurbished""",34500,0,9
999,TE019944-0087,Oneplus,10 Pro 12/256Gb Green,24623,20,14
1000,30463712-4689,Samsung,Galaxy S25+ 12/256GB Navy (SM-S936BDBD),36983,0,0
1001,112-3025,Samsung,Galaxy S20 Ultra 1 sim G988U 12/128 Gray,30200,20,18
1002,22847767-5069,Samsung,"Galaxy A53 8/256Gb Black 2 SIM 6.5"" Exynos 1280 NFC 64 Мп 4К 5000 мАч",12499,20,7
1003,31653820-0087,Honor,X9d 5G 12/256GB Midnight Black (Global Version) NFC,20752,0,0
1004,17042556-5069,Samsung,Galaxy A04 4/64Gb Black SM-A045FZ,5999,100,1
1005,TE220112EK80-0087,Google,Pixel 6 Pro 12/128GB Cloudy White,20106,60,10
1006,17251439-5069,Samsung,"Galaxy A31 (A315F) 4/64GB Black 2 SIM LTE 6.4"" 2400x1080 60 Гц 5000 mAh Bluetooth 5.0 NFC Б/В",4499,0,1
1007,14642542-3025,Samsung,Galaxy A53 6/128 Black,15700,60,2
1008,192-3025,Apple,"iPhone 11 Pro Max 256GB Midnight Green (MWH72) ""Seller Refurbished""",39200,0,1
1009,122-3025,Samsung,Galaxy Note 20 Ultra 1 Sim N986U 12/128 Mystic Bronze,39300,0,3
1010,17965580-5069,Samsung,Galaxy S8 4/64GB 2SIM (SM-G950) Black 8 ядер 12/8мп GPS,6999,0,2
1011,34527296-0087,Vivo,IQOO Z11 Turbo 12/256GB Black (Asian Version),28709,0,0
1012,TE210913EK19-0087,Samsung,Galaxy Note 20 5G N981U 128GB Bronze 1 SIM (USA Version),14343,0,15
1013,31193587-1228,Oppo,Reno15 Pro 5G 12/512GB Aurora Blue (OFCPH2813_BLUE),55620,100,1
1014,33520290-5069,Huawei,"P40 Pro 8/256GB Black 2 SIM 6.58"" OLED 4K 50 Мп 40 Вт NFC 4200 mAh",13999,0,0
1015,194-3025,Apple,"iPhone 11 Pro Max 256GB Gold (MWH62) ""Seller Refurbished""",39200,0,4
1016,26664724-0087,Samsung,Galaxy A56 5G 12/256GB Awesome Light Gray (SM-A566BZAY),23053,0,1
1017,21614155-0087,Google,Pixel 9 12/128GB Porcelain (Global Version),32526,100,2
1018,191-3025,Apple,"iPhone 11 Pro Max 256GB Space Gray (MWH42) ""Seller Refurbished""",39200,0,4
1019,186-3025,Apple,"iPhone 11 Pro 256GB Gold (MWCP2) ""Seller Refurbished""",34500,0,9
1020,157-3025,Apple,"iPhone 256GB Gold (MT9K2) ""Seller Refurbished""",22850,0,28
1021,34025523-5698,Oneplus,15R 12/512GB Charcoal Black,35806,0,0
1022,123-3025,Samsung,Galaxy Note 20 Ultra 1 Sim N986U 12/128 Mystic White,39300,20,3
1023,113-3025,Samsung,Galaxy S20 Ultra 1 sim G988U 12/128 White,30200,20,18
1024,14799599-3025,Samsung,Galaxy S22 Ultra 8/128 1 sim Phantom White,37500,0,5
1025,156-3025,Apple,"iPhone XS 256GB Silver (MT9J2) ""Seller Refurbished""",22850,0,28
1026,16834816-1756,Samsung,Galaxy S22 Ultra 5G SM-S908B 8/128GB Phantom Black,25289,0,1
1027,22852104-0087,Meizu,Note 21 Pro 8/256GB Blue (Global Version),13311,0,1
1028,28795604-0548,Samsung,Galaxy M55 5G SM-M556B 8/128GB Denim Black (271180),12912,0,1
1029,24050084-0298,Realme,C75 8/256Gb Lightning Gold NFC UA,8243,100,2
1030,176-3025,Apple,"iPhone XS Max 256 GB Space Gray (MT682) ""Seller Refurbished""",25400,0,11
1031,28922490-3355,Infinix,HOT 60 Pro + 8/256Gb Coral Tides (X6886),12779,0,0
1032,19676317-5069,Oppo,"A53 4/64GB Blue, 2 SIM, 6.5"", 90 Гц, Snapdragon 460, NFC, 5000 mAh (10233211)",4599,0,3
1033,17983674-5069,Samsung,"Galaxy Flip 3 (F711B) 8/256Gb Black 5G 6.7"" 3300mAh Б/В",14500,0,0
1034,30913748-4689,Samsung,Galaxy XCover7 Pro 6/128GB Чорний (SM-G766BZKD),30717,0,0
1035,226-3025,Samsung,Galaxy S21 2 Sim G991B/DS 8/128 Phantom Violet,30800,100,2
1036,28922480-3355,Infinix,GT 30 8/256Gb Shadow Ash (X6876),16739,0,1
1037,74-3025,Samsung,Galaxy Note 9 2 sim N960FD 128 Gb Purple,13695,100,13
1038,104-3025,Samsung,Galaxy S20+ 1 sim G986U 8/128 Gray,25600,0,7
1039,223-3025,Samsung,Galaxy S21 2 Sim G991B/DS 8/128 Phantom Grey,30800,100,2
1040,TE022002-0087,Honor,X8 6/128Gb Silver (Global Version),10106,0,0
1041,31280937-0087,Honor,400 Smart 8/256GB Gold (Global Version),12031,0,0
1042,31961849-0087,Honor,"400 Pro 12/512GB Black (Global Version) [5G, NFC]",34623,0,0
1043,193-3025,Apple,"iPhone 11 Pro Max 256GB Silver (MWH52) ""Seller Refurbished""",39200,0,4
1044,228-3025,Samsung,Galaxy S21 Plus 2 Sim G996B/DS 8/128 Phantom Violet,35400,0,2
1045,224-3025,Samsung,Galaxy S21 2 Sim G991B/DS 8/128 Phantom White,30800,100,2
1046,TE220112EK35-0087,Samsung,Galaxy S10+ G975U 8/128Gb Cardinal Red 1 SIM (USA Version),13096,0,1
1047,28789081-0087,Oneplus,Nord CE 5 8/256GB Marble Mist (Global Version),16558,0,0
1048,29186771-0087,Samsung,Galaxy M55s 5G 8/128GB Green (SM-M558BLGA),14289,0,0
1049,30148612-0087,Samsung,Galaxy M36 5G 6/128GB Velvet Black (SM-M366BZKB),10730,0,0
1050,30369699-0298,Realme,Note 70 4/128Gb Obsidian Black UA,13580,0,0
1051,238-3025,Google,Pixel 6 Pro 128 Stormy Black,30500,0,0
1052,177-3025,Apple,"iPhone XS Max 256GB Silver (MT542) ""Seller Refurbished""",25400,0,11
1053,178-3025,Apple,"iPhone XS 256GB Gold (MT552) ""Seller Refurbished""",25400,0,11
1054,231-3025,Samsung,Galaxy Note 20 Ultra 2 SIM SM-N986B/DS 12/256 Mystik White,39800,0,0
1055,TE019998-0087,Oneplus,9 Pro 8/128GB Morning Mist (Global Version),17386,0,1
1056,28662962-0087,Honor,400 12/512GB Blue (Global Version),22192,0,1
1057,32579652-5069,Infinix,Hot 50 8/256GB Titanium Grey RFB,8000,0,0
1058,34339797-0087,Samsung,Galaxy S25+ 12/256GB Navy (SM-S936U) (USA Version) 1SIM,39967,0,0
1059,34527367-0087,Honor,600 12/512GB Orange (Global Version),40580,0,0
1060,239-3025,Google,Pixel 6 Pro 128 Sorta Sunny,30500,0,0
1061,24207777-0486,Samsung,Galaxy S25 Plus 12/256GB Navy (SM-S936BDBD) [127365],39773,0,0
1062,230-3025,Samsung,Galaxy Note 20 Ultra 2 SIM SM-N986B/DS 12/256 Mystik Black,39800,0,2
1063,16966679-5069,Sony,"Xperia XA2 Plus H4493 Black 2 сим 6"", 8 ядер 6/64GB 23мп 3580мАч",11999,100,2
1064,98-3025,Samsung,Galaxy S20 1 sim G981U 8/128 Gray,22700,0,6
1065,12997646-0087,Oppo,Reno 8 Pro 5G 8/256Gb Green,17096,0,0
1066,16661500-0087,Zte,BLADE A72 5G 4/64Gb (2022) Space grey,7569,0,1
1067,22613206-0087,Samsung,Galaxy S23 FE 8/256Gb Graphite (SM-S711B/DS),24569,0,17
1068,22613171-0087,Samsung,Galaxy S23 FE 8/256Gb Cream (SM-S711B/DS),24676,0,17
1069,31961823-0087,Oneplus,"15 16/512GB Purple (Global Version) (no charger) [5G,NFC]",54053,0,0
1070,33766569-5069,Samsung,Galaxy On7 (G6000) 16GB Black,4699,0,0
1071,34166926-5069,Samsung,Galaxy A16 4/128 BLACK Б/В,6999,0,0
1072,99-3025,Samsung,Galaxy S20 1 sim G981U 8/128 White,22700,0,6
1073,TE2108016EK10-0087,Samsung,Galaxy Note 20 Ultra N986B/DS 5G 12/256GB Bronze,21881,0,13
1074,19859802-0298,Sigma,X-Style 18 Track Black-Green,590,0,0
1075,21296240-5069,Samsung,"Galaxy A10 (SM-A105F) 2/32GB Black 2 SIM LTE 6.2"" 1520x720 TFT 3400 mAh",4000,0,0
1076,29684054-0486,Google,Pixel 10 Pro Fold 16/512GB Moonstone,99548,0,0
1077,31280904-0087,Google,"Pixel 10 12/256GB Obsidian (e-SIM, без фізичного слоту)",40537,0,0
1078,14799502-3025,Cмартфон,Samsung Galaxy S22 Ultra 8/128 1 sim Phantom Black,37500,0,10
1079,16966649-5069,Lg,"G9 Dual sim Velvet 5G G900DS 6/128GB Black P-OLED 6.8"" 4300мАч камера 48+8+5 Мп новий",14999,0,0
1080,33780160-0087,Oppo,Find X6 16/512GB Snow Mountain Gold (Global Version),32042,0,0
1081,232-3025,Samsung,Galaxy Note 20 Ultra 2 SIM SM-N986B/DS 12/256 Mystik Bronze,39800,0,5
1082,21011978-0087,Blackview,Oscal Tiger 13 5G 8/256GB Black (Global Version) NFC,6934,0,0
1083,21204210-0087,Samsung,Galaxy S23+ 8/256Gb Phantom Black (SM-S916BZKD),32999,0,4
1084,17251443-5069,Samsung,"Galaxy A50 (A505F) 4/128GB Black 6.4"" 2340x1080 2SIM LTE Bluetooth 5.0 Exynos 96 4000 mAh NFC",7509,0,0
1085,17142696-0548,Samsung,Galaxy S24 Ultra SM-S928B 12/512GB Titanium Orange,49284,0,1
1086,30361274-0298,Oppo,A6 Pro 8/256Gb Lunar Titanium UA,14604,0,0
1087,30361275-0298,Oppo,A6 Pro 8/256Gb Stellar Blue UA,14753,0,1
1088,31653875-0087,Samsung,Galaxy S24+ 12/512GB Onyx Black (SM-S926U) (1sim+eSIM),38709,0,0
1089,34177144-5069,Samsung,"Galaxy A06 Black 4/128GB NFC 2 SIM 6.7"" HD+ 5000mAh 50MP Ref",6499,0,0
1090,34874832-5069,Oppo,"Reno 8T 8/128GB Black 6.43"" AMOLED 90 Гц, MediaTek Helio G99, 100 МП, NFC, 5000 мА·год",8500,0,1
1091,34874915-5069,Oppo,"Reno 8T 8/128GB Orange 6.43"" AMOLED 90 Гц, MediaTek Helio G99, 100 МП, NFC, 5000 мА·год Б/В",5899,0,0
1092,18474039-0087,Google,Pixel 8a 8/128GB Porcelain,22257,0,1
1093,33310577-5069,Infinix,"Note 50 8/256GB Shadow Black 2 SIM 6.78"" 144 Гц 2K NFC 5200 mAh НОВИЙ",15500,0,0
1094,14222045-0087,Tecno,Camon 19 Neo (CH6i) 6/128Gb DS NFC 6.8 IPS Eco Black 5000mAh UA UCRF,6612,0,0
1095,28789009-0087,Samsung,Galaxy S23 FE 8/128GB Purple (SM-S7110) (Asian Version),19117,0,1
1096,19323027-5069,Samsung,Galaxy S10 Lite (G770F) 6/128 Black 6.7” FHD+ Super AMOLED 48+12+5Мп 45Вт 4500mAh Б/В,8000,0,1
1097,15544595-5069,Nokia,6300 silver,2249,0,2
1098,29357620-0087,Samsung,Galaxy S24+ 12/512GB Cobalt Violet (SM-S926B/DS),44031,0,1
1099,26664811-0087,Samsung,Galaxy A56 5G 8/128GB Pink (SM-A566B),18601,0,2
1100,16071912-0248,Samsung,Galaxy S24+ 12/256Gb Marble Grey (SM-S9260),34748,0,0
1101,34874834-5069,Oppo,"Reno 8T 8/128GB Black 6.43"" AMOLED 90 Гц, MediaTek Helio G99, 100 МП, NFC, 5000 мА·год Б/В",5999,0,0
1102,14199762-0454,2e,E240 2023 Dual Sim Black (688130251068),769,0,0
1103,17208169-0087,Oneplus,Ace 3V 12/512GB Titanium Grey,20752,100,19
1104,14242487-0454,2e,E180 2023 Dual Sim Black (688130251044),549,0,0
1105,14198744-0454,Sigma,mobile Comfort 50 Grace Dual Sim Black,1299,0,0
1106,16966653-5069,Samsung,"Galaxy A30s (A307F) 4/64GB Green 2SIM 4G 6.4"" 4000 mAh Bluetooth 5.0 25 Мп + 5 Мп + 8 Мп",5249,0,0
1107,25711008-0298,Oppo,A5 Pro 5G 8/256Gb Black Brown (CPH2695) UA,10876,0,1
1108,29186823-0087,Oneplus,Nord CE 5 8/256GB Black Infinity (Global Version),16558,0,0
1109,30369690-0298,Realme,15T 5G 8/256Gb Suit Titanium UA,12648,0,0
1110,34339819-0087,Samsung,Galaxy S25+ 12/256GB Icyblue (SM-S936U) (USA Version) 1SIM,39967,0,0
1111,14198776-0454,Sigma,mobile X-style 31 Power Type-C Dual Sim Black,1179,0,0
1112,21637935-5227,Sigma,mobile X-Style 351 Lider Dual Sim Blue_ Синій,1276,0,0
1113,14198779-0454,Sigma,mobile X-style 31 Power Type-C Dual Sim Red,1179,0,0
1114,14198114-0454,Sigma,mobile X-Style 351 Lider Dual Sim Black,1259,0,0
1115,14198748-0454,Sigma,mobile Comfort 50 Grace Dual Sim Red,1299,0,0
1116,24050137-0298,Sigma,Comfort 50 CF115 Easy Black UA,576,0,0
1117,24675020-0199,Realme,GT5 16/512GB 240W Starry Oasis (1215981),26922,0,0
1118,30369735-0298,Zte,Nubia Neo 3 GT 5G 12/256Gb Gray UA,12184,0,0
1119,23365932-5069,Samsung,"Galaxy S21FE 5G (G990B) 6/128GB Graphite 6.4”, 2 SIM, Full HD+, 4500 мАч, NFC, Bluetooth 5.0 Б/В",9599,0,1
1120,33852444-0087,Oppo,Reno15 Pro 5G 12/512GB Dusk Black (Global Version),38655,0,0
1121,15081898-0454,Sigma,mobile X-style 31 Power Type-C Dual Sim Purple,1179,0,0
1122,14198117-0454,Sigma,mobile X-style 18 Track Dual Sim Black,639,0,0
1123,17141644-4340,Blackview,Oscal Tiger 12 12/256GB Purple ( Global Version ),17850,80,2
1124,TE019321-0087,Sony,Xperia Pro-I 12/512GB Frosted Black,61870,0,0
1125,31076045-5069,Samsung,"Galaxy A73 5G (A736B) 8/256GB Gray 6.7"" 2400x1080 2SIM LTE 5G NFC Bluetooth 5.0 5000 mAh Snapdragon 778G (173969443)",14000,0,0
1126,31653969-0087,Oneplus,15 16/256GB Sand Gold (Asian Version),39461,0,2
1127,31961831-0087,Oppo,Find X7 16/1TB Ocean Blue (Global Version),37461,0,0
1128,23855664-5069,Samsung,"Galaxy S21FE 5G (G990B) 8/256GB Lavender 6.4”, 2 SIM, Full HD+, 4500 мАч, NFC, Bluetooth 5.0 Б/в",9999,0,1
1129,33868619-5069,Pixel,7 128gb New,15999,0,0
1130,TE190129J19-0087,Google,Pixel 3 4/64GB Just Black “Seller Refurbished”,9106,100,26
1131,24570106-4806,Nothing,Phone (3a) Pro 12 / 256GB сірий (52136),24807,0,0
1132,29186886-0087,Samsung,Galaxy M36 5G 6/128GB Serene Green (SM-M366BLGB),10730,0,3
1133,31961891-0087,Oppo,Find X7 16/512GB Purple (Global Version),36020,0,0
1134,34527360-0087,Honor,600 Pro 12/512GB White (Global Version) NFC,47096,0,0
1135,TE020935-0087,Huawei,Nova 10 8/128GB Silver,19784,0,0
1136,22511626-0087,Samsung,Galaxy S24+ 12/256Gb Cobalt Violet (SM-S9260),37311,0,0
1137,22876374-5058,Iphone,"15 256GB Blue,Model A3090 (Grade B) Seller Refurbished (MTP93)",36049,0,0
1138,24050108-0298,Nokia,105 TA-1684 DS 2024 Black UA,1153,0,0
1139,28789077-0087,Honor,400 Pro 12/512GB Blue (Global Version),33053,0,0
1140,33904064-3355,Google,Pixel 10 Pro 16/256GB Moonstone,60239,0,0
1141,30369709-0298,Tecno,Spark 40 Pro+ (KM7) 8/256Gb Nebula Black UA,9833,0,0
1142,34339781-0087,Motorola,Moto G75 8/256GB Swift Black (Asian Version) без NFC,10967,0,0
1143,24050080-0298,Realme,C75 8/128Gb Lightning Gold NFC UA,8468,100,2
1144,14222099-0087,Tecno,Camon 18P (CH7n) 8/128Gb NFC Ceramic White UA UCRF,9106,0,0
1145,15292570-5069,Sony,"Xperia X Compact Universe Black IPS 4.6"" 3/32GB 6ядер 23мп.",7499,0,1
1146,28728907-0248,Samsung,Galaxy A36 5G 8/128GB Awesome White (SM-A366BZAP),14818,0,0
1147,24291277-0248,Samsung,galaxy a56 5g 12/256gb awesome graphite (sm-a566bzky) глобальна версія (MO-96389),20214,0,0
1148,15544566-5069,Nokia,"6700 Gold 2.2"" 960мАч 5мп бізнес телефон (1833901457)",5859,0,1
1149,33409467-5069,Nokia,235 Black 2024 4G,2999,0,0
1150,19859798-0298,Sigma,Comfort 50 CF211 OPTIMA Type-C Black,1396,100,2
1151,22790924-5069,Samsung,"Galaxy A53 5G 8/128GB Peach 2 SIM 6.5"" Exynos 1280 NFC 64 Мп 4К 5000 mAh",13699,20,7
1152,18474008-0087,Google,Pixel 8a 8/128GB Aloe,22257,0,0
1153,24050146-0298,Sigma,X-Style 353 Trend Black UA,1186,0,0
1154,25711014-0298,Oppo,Reno13 F 8/512Gb Graphite Grey (CPH2701) UA,15244,0,0
1155,29527434-3355,Google,Pixel 10 12/128GB Obsidian,39179,0,0
1156,31049425-5069,Samsung,"Galaxy S22 Ultra SM-S908U 12/512GB Black 5G 6.8"" S Pen 108 Мп Snapdragon 8 Gen 1 NFC 5000 mAh (87652234)",24999,0,0
1157,31658468-0153,Google,Pixel 9a 8/128GB Obsidian,21999,0,1
1158,34339836-0087,Honor,600 Lite 8/256GB Velvet Gray (Global Version) (no charger),22020,0,0
1159,16390446-5069,Lg,"V60 ThinQ V600 Blue 6.8"" 1SIM 4G 5G 8/128GB 5000 mAh",9499,0,9
1160,31067354-1228,Motorola,Edge 70 12/512GB Bronze Green (PBA50046RS) (405509),42377,0,0
1161,23907808-5069,Samsung,"Galaxy S20 (G980F) 8/128GB Red 6.5"" NFC 2 SIM 4000 mAr б/в",10999,0,0
1162,26677476-5543,Nothing,Phone (3a) Pro 12/256GB чорний (77141),23657,0,0
1163,15544277-5069,Samsung,Galaxy S10e 1 sim G970 128 Gb Black оригінал,19499,0,1
1164,30303410-3355,Oneplus,15 16/1TB Black CN [153861],55499,0,0
1165,31961847-0087,Oppo,Find X6 16/512GB Black (Global Version),32042,0,0
1166,23856053-5069,Samsung,"Galaxy S21FE 5G (G990B) 6/128GB Lavender 6.4”, 2 SIM, Full HD+, 4500 мАч, NFC, Bluetooth 5.0 Refurb",10999,0,0
1167,34025638-5698,Oneplus,15 16/256GB Sand Gold (CN),36368,0,0
1168,TE021294-0087,Samsung,Galaxy Note 20 Ultra 12/512Gb SM-N986 Mystic Black 1SIM (USA Version),27526,0,0
1169,19323815-5069,Samsung,Galaxy S10 Lite (G770F) 6/128 Blue 6.7” FHD+ Super AMOLED 48+12+5Мп 45Вт 4500mAh Б/В,8000,0,0
1170,19859909-0298,Oppo,A3 6/256GB Starry Purple,13580,0,0
1171,22771580-5069,Samsung,"Galaxy S20 FE (SM-G780G) 6/128GB Light Violet, 2 SIM 6.5"" Snapdragon 865 NFC 4500 mAh",10000,0,0
1172,24050106-0298,Nokia,105 TA-1569 SS 2023 Charcoal (no charger) UA,878,0,0
1173,28789043-0087,Samsung,Galaxy S23 FE 8/128GB Mint (SM-S7110) (Asian Version),19117,0,1
1174,17042544-5069,Nokia,"6500 Slide Silver 2.2"", Nokia 6500 сріблястий, бізнес телефон",2999,0,1
1175,33852474-0087,Motorola,Moto G57 4/128GB Corsair (Global Version),9300,0,1
1176,34874904-5069,Oppo,"Reno 8T 8/128GB Orange 6.43"" AMOLED 90 Гц, MediaTek Helio G99, 100 МП, NFC, 5000 мА·год",8500,0,1
1177,31131808-4340,Ulefone,Rugking 4 Pro 8/256Gb Black,9401,0,0
1178,TE210913EK18-0087,Samsung,Galaxy Note 20 5G N981U 128GB Green 1 SIM (USA Version),18010,0,9
1179,13330134-0087,Samsung,Galaxy S20 Ultra 5G 16/512Gb Cosmic Black SM-G988U (USA Version),23386,0,1
1180,15544271-5069,Lg,"V50S ThinQ 5G 8/256Gb Aurora Black OLED 6.4"" 8ядер 12+13мп/32мп 4000мАч RFB",14999,0,1
1181,19024154-5069,Samsung,Galaxy Note 10 Lite N770F 6/128GB Red 2 SIM 4500mAh Б/В,9999,0,2
1182,21614152-0087,Google,Pixel 9 12/128GB Peony (Global Version),32526,0,0
1183,33964715-5069,Sony,Xperia 5 6/64GB OLED HDR Snapdragon 855 Black,9999,0,0
1184,34339805-0087,Honor,600 Lite 8/256GB Velvet Black (Global Version) (no charger),22020,0,0
1185,17208198-0087,Oneplus,Ace 3V 16/512GB Titanium Grey (Asian version),22192,100,19
1186,18044009-0087,Samsung,Galaxy Fold 4 12/512Gb GreyGreen SM-F9360,47096,100,2
1187,31193579-1228,Oppo,Reno15 Pro 5G 12/512GB Dusk Black (OFCPH2813_BLACK),55620,100,4
1188,15544477-5069,Huawei,P40 lite 6/128GB Midnight Black,12500,80,1
1189,21614147-0087,Google,Pixel 9 12/256GB Peony (Global Version),39838,0,1
1190,22613191-0087,Samsung,Galaxy S23 FE 8/128GB Purple (SM-S711B/DS),20257,0,17
1191,22613185-0087,Samsung,Galaxy S23 FE 8/128Gb Graphite (SM-S711B/DS),20257,0,17
1192,24050139-0298,Sigma,Comfort 50 CF115 Easy Blue UA,576,0,0
1193,27476081-1756,Oneplus,9 12/256 Чорний,12289,0,3
1194,30361218-0298,Infinix,Hot 60 Pro 8/128Gb Sleek Black UA,8499,0,0
1195,31280809-0087,Samsung,Galaxy Fold 6 12/512GB Crafted Black (SM-F956BAKC),72365,0,0
1196,31281020-0087,Vivo,X100 12/256GB Startrail Blue (Asian Version),32580,0,0
1197,12997551-0087,Realme,GT 5G 8/128Gb NFC Blue (Global Version),18816,0,0
1198,19143393-4340,Cubot,MAX 5 12/256GB White ( Global Version ),23800,0,0
1199,21741378-5069,Huawei,"P20 Lite 4/64GB Blue 2SIM 4G 5.84"" Bluetooth 4.2 16 Мп + 2 Мп 3000 mAh",5500,0,0
1200,22511621-0087,Samsung,Galaxy S24+ 12/256Gb Amber Yellow (SM-S9260),37311,0,0
1201,24674875-0199,Ulefone,Armor X12 Pro 4/64Gb Black,6648,0,0
1202,30547706-5069,Nokia,"2660 Flip Black 2 SIM 2.8"" 4G 1450 mAh (4560601)",3599,0,1
1203,34056143-5698,Oneplus,Ace 6T 12/256GB Black (CN),24058,0,0
1204,134-3025,Samsung,Galaxy S21 Phantom Gray 8/128,24700,0,0
1205,137-3025,Samsung,Galaxy S21FE Graphite 6/128,24999,0,1
1206,146-3025,Samsung,Galaxy S22+ Plus G906B/DS 8/256 Phantom Black,42499,0,0
1207,138-3025,Samsung,Galaxy S21FE White 6/128,24999,0,1
1208,140-3025,Samsung,Galaxy S22 G901B/DS 8/128 Phantom Black,34500,0,1
1209,141-3025,Samsung,Galaxy S22 G901B/DS 8/128 Phantom White,34500,0,1
1210,142-3025,Samsung,Galaxy S22 G901B/DS 8/128 Pink Gold,34500,0,2
1211,143-3025,Samsung,Galaxy S22 G901B/DS 8/256 Phantom Black,35999,0,1
1212,144-3025,Samsung,Galaxy S22 G901B/DS 8/256 Phantom White,35999,0,1
1213,145-3025,Samsung,Galaxy S22 G901B/DS 8/256 Green,35999,0,2
1214,TE019356-0087,Sony,Xperia 1 IV 12/256GB Purple,32902,40,4
1215,TE211118EK77-0087,Samsung,Galaxy Note 20 Ultra 5G SM-N986B 12/256GB Mystic White,21934,0,8
1216,12997654-0087,Oppo,A74 5G 6/128Gb Fantastic Purple (Global Version),6128,0,0
1217,21414307-5058,Iphone,"12 128GB Purple, A2403 (Grade A) Seller Refurbished (MJNP3)",17219,0,0
1218,23865082-5069,Samsung,"Galaxy A53 8/256Gb Peach 2SIM LTE 6.5"" Exynos 1280 NFC 64 Мп 4К 5000 mAh (9810477)",19499,0,0
1219,26754785-0087,Cubot,KingKong Power 5 6/128Gb 15300mAч black-orange,8601,0,0
1220,15544596-5069,Nokia,"6303i Classic TFT 2.2"" 3.2мп Silver оригінал",2999,0,1
1221,19657521-0782,Motorola,Edge 50 Fusion 8/256GB Forest Blue (PB3T0059UA),12327,0,0
1222,31961828-0087,Vivo,V60 Lite 5G 12/256GB Blue (Global Version),28999,0,0
1223,34339796-0087,Oneplus,15T 16/512GB NFC Brown (Asian Version) NFC,39300,0,1
1224,21414219-5058,Apple,"iPhone 14 Pro Max 128GB Deep Purple, A2894 (Grade B) Seller Refurbished (MQ9T3)",35259,0,2
1225,21690663-0087,Google,Pixel 8 Pro 12/256GB Mint,30160,0,1
1226,22589287-0087,Honor,Magic 7 Pro 12/512Gb Gray (Global Version),46827,0,1
1227,31266507-1756,Oneplus,10T 5G 16/256GB Moonstone Black,17169,0,0
1228,31280877-0087,Vivo,X100 Pro 16/512GB Sunset Orange (Asian Version),40300,0,0
1229,34025640-5698,Oneplus,15 12/512GB Sand Gold (CN),42044,0,0
1230,136-3025,Samsung,Galaxy S21 Plus 8/128Gb Phantom Silver,35400,0,2
1231,15544746-5069,Samsung,Galaxy S7 Edge G935F 32GB новий,9899,0,2
1232,21614146-0087,Google,Pixel 9 12/256GB Porcelain (Global Version),42838,0,0
1233,21045045-0454,Samsung,Galaxy A16 SM-A165 4/128GB Gray (SM-A165FZABEUC),7199,0,0
1234,34025572-5698,Google,Pixel 10 12/128GB Obsidian (esim),31836,0,0
1235,22589245-0087,Honor,Magic 6 Pro 12/512Gb Green (Global Version) NFC,47676,0,0
1236,22821192-1756,Samsung,Galaxy S21 5G 128GB SM-G991 Phantom Violet,14289,0,0
1237,15544736-5069,Google,Pixel 3 XL 4/64 GB Black оригінал вітрина,10499,0,0
1238,31049426-5069,Samsung,"Galaxy S22 Ultra SM-S908U 8/256GB Black 5G 6.8"" S Pen 108 Мп Snapdragon 8 Gen 1 NFC 5000 mAh (87652235)",27500,0,1
1239,31961872-0087,Oppo,Find X7 16/256GB Black (Global Version),34343,0,0
1240,34006404-5698,Motorola,Moto Edge 60 Pro 8/256GB Shadow (PB7X0088RS),18352,0,0
1241,34527334-0087,Oppo,Reno 15 Pro Max 5G 12/512GB Aurora Gold (Global Version),52472,0,0
1242,19879986-5069,Nokia,"7.2 DS 4/64GB Charcoal Black 2 SIM 6.3"" IPS Snapdragon 660 NFC 3500 мАг",9999,100,1
1243,19574018-5069,Nokia,"8600 Luna, кольоровий TFT, 2"", 240 x 320, слайдер, 900 мАг",5500,20,4
1244,21498982-5058,Iphone,"12 128GB (PRODUCT)RED, Model A2403 (Grade B) Seller Refurbished (MGJD3)",16359,90,4
1245,28789075-0087,Samsung,Galaxy S23 FE 8/256Gb Graphite (SM-S7110) (Asian Version),23547,0,1
1246,31281133-0087,Zte,Nubia Z80 Ultra 16/512GB Starry Night Blue (Global Version),45752,0,0
1247,31281052-0087,Vivo,X100 16/256GB Asteroid Black (Asian Version),33924,0,0
1248,34025394-5698,Google,Pixel 10a 8/256GB Obsidian,26358,0,0
1249,34025553-5698,Google,Pixel 10 Pro XL 16/512GB Obsidian (esim),63573,0,0
1250,33520437-5069,Huawei,P40 Pro 8/256gb Blue,13999,0,0
1251,24605598-5796,Google,Pixel 7a 8/128gb Snow,14800,0,1
1252,14451894-0087,Samsung,Galaxy S21 8/256Gb Phantom Violet (SM-G991BZVGSEK),14235,0,0
1253,24719878-0087,Htc,U24 Pro 12/256GB Space Navy,27300,0,0
1254,23806308-0486,Samsung,Galaxy A34 5G 8/256Gb Black (SM-A346EZKE),17175,0,0
1255,29186816-0087,Sharp,Aquos R9 5G 12/256GB White,55268,0,0
1256,29357606-0087,Motorola,Moto G34S 8/256GB Charcoal Black,11042,0,0
1257,30148678-0087,Zte,Nubia Z80 Ultra 12/256GB Black (Global Version),43601,0,0
1258,27035887-5802,Google,Pixel 6 Pro 256GB Stormy Black,20499,0,1
1259,31281018-0087,Vivo,X100 16/512GB Asteroid Black (Asian Version),36537,0,0
1260,31653981-0087,Motorola,Moto G77 8/256GB Black Olive (UA UCRF),13096,0,0
1261,34007143-5698,Motorola,Edge 50 Fusion 8/256GB Forest Blue (PB3T0059),11492,0,0
1262,34041503-5069,Samsung,Galaxy Note 20 Ultra 256GB Bronze (02398419) Б/В,17499,0,0
1263,34173615-5069,Samsung,Galaxy M53 128GB Blue Ref,9399,0,0
1264,15544568-5069,Nokia,1112 оригінал black/blue.,1499,60,5
1265,16966622-5069,Samsung,"Galaxy S10e (G970F) 6/128 GB Black 5.8"" 1SIM 12.2 Мп+16 Мп",8249,0,0
1266,28789019-0087,Samsung,Galaxy S23 FE 8/128GB Cream (SM-S7110) (Asian Version),19117,0,1
1267,28789059-0087,Zte,Nubia Z70S Ultra 16/512GB Antique Brown (Global Version),38547,0,0
1268,24207779-0486,Samsung,Galaxy S25 Plus 12/256GB Silver Shadow (SM-S936BZSD) [127362],39935,0,0
1269,23806127-0486,Samsung,Galaxy S24 8/256GB Onyx Black (SM-S921BZKG) (SM-S921BZKGEUC),29572,0,0
1270,15544593-5069,Samsung,"Galaxy S7 G930 Black 5.1"" 4/32GB 3000 mAh (1835164334)",8999,0,1
1271,30265134-5069,Huawei,"P40 Pro 8/256GB Black 2 SIM 6.58"" OLED 4K 50 Мп 40 Вт NFC 4200 mAh (16749441)",21999,0,0
1272,31280829-0087,Vivo,X90 8/256GB Black (Global Version),29569,0,0
1273,34025300-5698,Oneplus,15 16/512GB Black (CN),43099,0,1
1274,34343581-0199,Realme,16 5g 8/256gb black (202243),18311,0,0
1275,19574020-5069,Huawei,"P40 Lite 2020 6/128GB Crush green 2 SIM LTE NFC GPS 6.4"" 2310x1080 IPS Bluetooth 5.0 4200 mAh",9000,0,0
1276,23908404-0087,Samsung,Galaxy S24 8/512GB Amber Yellow (SM-S921),35343,0,0
1277,28789078-0087,Oneplus,Nord 5 8/256GB Phantom Grey (Global Version),21913,0,1
1278,23806137-0486,Samsung,Galaxy S24 8/256 GB Amber Yellow (SM-S921BZYG) (SM-S921BZYGEUC),29572,0,0
1279,30369706-0298,Tecno,Spark 40 Pro+ (KM7) 8/256Gb Aurora White UA,9666,0,0
1280,30467147-3355,Oneplus,15 12/256GB Black CN [153857],48599,0,0
1281,31280921-0087,Oukitel,WP60 12/512GB Black (Global Version) NFC,16666,0,0
1282,23660943-5069,Samsung,"Galaxy S21FE 5G (G990B) 8/256GB Olive 6.4”, 2 SIM, Full HD+, 4500 мАч, NFC, Bluetooth 5.0 Б/В",10999,0,0
1283,34026627-5698,Google,Pixel 10 Pro XL 16/512GB Obsidian (nano sim + esim),60108,0,0
1284,12837137-0153,Google,Pixel 6 8/128GB Sorta Seafoam,12599,0,2
1285,TE2018081001-0087,Google,Pixel 2 128GB Clearly White “Seller Refurbished”,7719,0,0
1286,TE220112EK36-0087,Samsung,Galaxy S10+ G975U 8/128Gb Flamingo Pink,13096,0,1
1287,1868580036-1756,Google,Pixel 6 8/128GB Kinda Coral,12565,0,0
1288,13259533-0087,Samsung,Galaxy S9+ G9650 6/128Gb Black,12547,0,2
1289,17631537-0087,Samsung,Galaxy S20 FE SM-G780F 6/128GB Cloud Lavander,10418,0,0
1290,21714296-1756,Realme,10 Pro+ 5G 8/256GB Dark Matter Global Rom (R10P8256DM),11289,0,0
1291,24674789-0199,Realme,C35 4/64GB Glowing Green EU no NFC (101757),7520,0,0
1292,25711024-0298,Infinix,Note 50 8/256Gb NFC Titanium Grey (X6858) UA,13580,0,0
1293,25947797-0298,Sigma,Comfort 50 Shell Duo Type-C Червоний-Чорний UA,1136,0,0
1294,23864842-5069,Nokia,"8600 Luna, кольоровий TFT, 2"", 240 x 320, слайдер, 900 мАг (1855758271)",5999,0,1
1295,29456900-5069,Oppo,"A78 8/128GB Mist Black 2 SIM 6.43"" Snapdragon 680 NFC 5000 mAh (10233261)",11259,0,0
1296,23864762-5069,Samsung,S4 i9500 Black з потужною камерою та восьмиядерним процесором (1766605485),4349,0,0
1297,30148653-0087,Oneplus,Ace 2 Pro 12/256GB Black (Asian Version),22977,0,0
1298,30369736-0298,Zte,Nubia Neo 3 GT 5G 12/256Gb Yellow UA,12098,0,0
1299,30922219-0454,Oppo,reno15 f 8/256gb twilight black,17999,0,0
1300,31517710-3355,Oneplus,15 16/1TB Sand Gold CN [153863],62519,0,0
1301,32641329-3355,Motorola,Edge 70 Fusion 12/256GB Silhouette (PBBE0042UA) UA-UCRF [162827],24179,0,0
1302,84925-3355,Oneplus,11 16/256GB Eternal Green [82942],33059,0,1
1303,TE220112EK04-0087,Samsung,Galaxy Note 9 N960U 8/512Gb Ocean Blue 1 SIM (USA Version),13601,0,1
1304,12997528-0087,Oppo,Reno 8 Lite 5G 8/128Gb Black (Global Version),14031,0,0
1305,16661535-0087,Samsung,"Galaxy S10 5G 8/512Gb Crown Silver (SM-G977N) [1sim, Exynos]",16762,0,0
1306,16775990-0087,Google,Pixel 6 Pro 12/256Gb Stormy Black (Global Version),19031,0,4
1307,18548664-5069,Samsung,"Galaxy A30 3/32GB Red, Super AMOLED, Exynos 7904, 16+5 Мп, 4000 мАч (734652397)",3999,0,0
1308,24050113-0298,Nokia,110 TA-1694 DS 2024 Black UA,1234,0,0
1309,22432359-4689,Honor,Magic7 Pro 12/512GB Black (EU),38879,0,1
1310,29186870-0087,Google,Pixel 10 12/256GB Obsidian,39235,0,0
1311,29186781-0087,Realme,Note 70T 4/256GB Black,8010,0,0
1312,28728912-0248,Samsung,Galaxy A36 5G 8/128GB Awesome Black (SM-A366BZKP),15060,0,0
1313,31281033-0087,Samsung,Galaxy S24 Ultra 12/512GB Titanium Orange (SM-S928BZOH),50203,0,0
1314,31961881-0087,Oneplus,15 12/512GB Black (Asian Version),42687,0,0
1315,33964711-5069,Sony,Xperia 5 6/128GB OLED HDR Snapdragon 855 Black,11999,0,0
1316,30944572-0248,Oppo,reno15 8/512gb aurora white,25682,100,1
1317,TE20190820S06-0087,Google,Pixel 3a 4/64GB Just Black “Seller Refurbished”,8687,"83,33",6
1318,31193580-1228,Oppo,Reno15 5G 8/512GB Twilight Black (Global Version) (CPH2825),37543,100,2
1319,12223399-0153,Google,Pixel 6 8/128GB Kinda Coral,12599,0,2
1320,19764252-0087,Realme,13 Pro 5G 8/256GB Green (Global Version) NFC,17096,0,0
1321,15544591-5069,Nokia,"6700 black 2.2"" 960 мА·год 5мп бізнес-телефон",5859,0,0
1322,22155984-5058,Iphone,"15 128GB Blue,Model A3090 (Grade A) Seller Refurbished (MTP43)",32069,0,0
1323,17632273-4806,Honor,90 8/256Gb чорний,21462,0,0
1324,23908363-0087,Motorola,One 5G ACE XT2113 4/64Gb Purple Asian Version,6182,0,0
1325,27676470-0153,Google,Pixel 8 Pro 12/128GB Obsidian,25999,0,1
1326,29186808-0087,Doogee,V Max Play 16/512GB Armor Black (Global Version),33010,0,0
1327,29186888-0087,Sharp,Aquos Sense 9 5G 8/256GB Orange,38676,0,0
1328,27303934-0548,Samsung,Galaxy A36 5G 8/128GB Awesome Lime (SM-A366BLGP),14907,0,0
1329,30303412-3355,Oneplus,15 16/512GB Black CN [153865],49739,0,0
1330,31653934-0087,Samsung,Galaxy S24 8/256GB Amber Yellow (SM-S921B/DS),30580,0,0
1331,31961892-0087,Oppo,Reno 10 Pro+ 16/512GB Silvery Grey (Global Version),24988,0,0
1332,34339851-0087,Oukitel,WP53 8/128GB Black (Global Version) NFC,7418,0,0
1333,34527346-0087,Oppo,Reno 15 Pro Max 5G 12/512GB Dusk Brown (Global Version),52472,0,0
1334,34124197-5069,Samsung,Galaxy Flip 6 12/256GB (239567006),40000,0,0
1335,15292600-5069,Sony,"Xperia XZ1 Compact 4.6"" 1 SIM 4/32GB 19 Мп 2700 мА·год Black",6749,100,5
1336,30944568-0248,Oppo,reno15 pro 12/512gb синій,38013,100,2
1337,31054478-0248,Oppo,reno15 pro 12/512gb dusk black,38013,100,1
1338,14546139-1756,Samsung,Galaxy S20+ 5G SM-G986U 12/128GB White,14390,0,0
1339,16834809-1756,Samsung,Galaxy S21 Ultra 5G SM-G998B 12/256GB Phantom Black,22689,0,3
1340,16685469-5069,Nokia,5310 Xpress Music Black,2999,0,0
1341,17956936-5069,Nokia,"225 Dual sim Black 2.4"" TFT 1200 mAч",2999,0,0
1342,21414314-5058,Iphone,"12 128GB Green, A2403 (Grade A) Seller Refurbished (MGJF3)",17219,0,0
1343,21714295-1756,Realme,10 Pro+ 5G 8/256GB Hyperspace Gold Global Rom (R10P8256HG),11289,0,0
1344,22613174-0087,Samsung,Galaxy Note 20 Ultra 12/512GB Mystic Black (SM-N985F) NFC,25365,0,2
1345,24050150-0298,Sigma,X-Style 353 Trend Mint UA,1186,0,0
1346,24654219-0153,Google,Pixel 8a 8/128GB Obsidian,18999,0,1
1347,23864722-5069,Samsung,"Galaxy A30s (A307F) 4/32GB White 6.4"" 4000 mAh Bluetooth 5.0 2SIM 4G 25 Мп + 5 Мп + 8 Мп (7346523910)",5699,0,0
1348,27036401-5802,Google,Pixel 6 256GB Stormy Black,16999,0,0
1349,31280955-0087,Vivo,X90 8/256GB Red (Global Version),29569,0,0
1350,33094795-4806,Motorola,Moto G77 8/256GB Чорний Olive (PBAW0026) (154305),14836,0,0
1351,33137061-0087,Oppo,Reno 9 Pro 16/256GB Gold (Global Version),18537,0,0
1352,15543986-5069,Nokia,8800 Sirocco Silver Edition Java MP3 Series 40 (1855986830),9000,0,0
1353,34527299-0087,Apple,iPhone 16 Plus 512GB Pink (MY253),71655,0,0
1354,222472-0548,Samsung,Galaxy S21 Ultra 12/128GB Phantom Black (SM-G998BZKDSEK) (222472),24189,0,0
1355,15292588-5069,Sony,Xperia XZ2 Compact Black,10499,100,3
1356,21617996-5058,Iphone,"15 Plus 128GB Black, Model A3094 (Grade A) Seller Refurbished (MU0Y3)",34459,0,0
1357,16071897-0248,Samsung,Galaxy S24+ 12/256Gb Onyx Black (SM-S926B/DS),34748,0,0
1358,24554455-5796,Samsung,Galaxy S20 Ultra 5G SM-G9880 12/256GB Cosmic Black DUOS,17500,0,3
1359,24674825-0199,Realme,11 Pro+ 8/256GB Sunrise Beige EU NFC (1118273),16676,0,0
1360,25711007-0298,Oppo,A5 Pro 8/256Gb Olive Green (CPH2711) UA,10778,0,0
1361,27840495-3355,Oneplus,Ace 5 Ultra 16/512GB Black CN [143700],28619,0,0
1362,23973587-5069,Nokia,"C31 4/128GB Blue 6.75"" HD+ 1600×720 Unisoc SC9863A 13+2 МП + 5 МП 5050 мАч 4G NFC Bluetooth 4.2 Android 12 (176540575)",7499,0,1
1363,30386869-3355,Nubia,NEO 3 GT 5G 12/256GB Interstellar Gray [152986],14579,0,0
1364,30361242-0298,Infinix,Hot 60i 8/256Gb Sleek Black UA,8116,0,0
1365,30921250-5058,Apple,iPhone 15 Pro Max 1 TB Blue Titanium (Grade B) Seller Refurbished (MU7K3),54689,0,0
1366,31266509-1756,Google,Pixel 6 Pro 12/256GB Хмарно Білий,16289,0,0
1367,31280987-0087,Oukitel,WP60 8/256GB Black (Global Version) NFC,12762,0,0
1368,31961896-0087,Oneplus,"Ace 6 16/512GB NFC Black (Asian Version) [NFC, Google Service з оновленням]",31225,0,1
1369,34025301-5698,Oneplus,15 16/512GB Sand Gold (CN),41657,0,0
1370,34339863-0087,Motorola,Moto G55 8/256GB Forest Gray (PB620003CN) (Asian Version),11612,0,0
1371,34339831-0087,Honor,600 Lite 8/256GB Sprout Green (Global Version) (no charger),22020,0,0
1372,34485026-3355,Oneplus,15T 12/256GB White [170776],36719,0,0
1373,23864989-5069,Huawei,"Y9 2019 4/128 GB Midnight Black 2 SIM IPS 6.5"" GPS 4000 mAh (1765405991)",6009,100,1
1374,31280805-0087,Samsung,Galaxy S23 Ultra 5G 12/1TB Phantom Black (SM-S918N) (1sim) (Asian Version),43805,100,1
1375,TE211130EK21-0087,Google,Pixel 6 8/256GB Stormy Black,14354,0,8
1376,17251462-5069,Sony,"Xperia 1 Black 6/64GB OLED 6.5"" 3330 мАч 12+12+12/8 МП REF",17999,0,0
1377,19885526-0087,Samsung,Galaxy S20 Ultra 5G 16/512Gb Cosmic Gray SM-G988U (1 sim),23386,0,0
1378,21012098-1756,Google,Pixel 6 Pro 12/128GB Sorta Sunny,15289,0,3
1379,15544599-5069,Nokia,1280 Black,1499,0,0
1380,24674680-0199,Realme,GT Neo3 8/128GB 80W Le Mans EU (101339),16676,0,0
1381,24719924-0087,Meizu,Mblu 21 4/64Gb Blue (Global Version),4805,0,0
1382,24475267-4340,Blackview,BL7000 5G 8/256GB Black Night Vision ( Global Version ) (B3307),17850,0,1
1383,29142322-0248,Google,Pixel 10 Pro XL 16/256Gb Obsidian,46852,0,0
1384,29314128-4340,Cubot,X100 5G 8/256GB Black (Global Version),10102,0,0
1385,23864846-5069,Samsung,"Galaxy A12 4/64GB Blue 2 SIM 6.5"" 1600x720 (HD+) 48 Мп NFC 5000 мАч (87652317)",7499,0,0
1386,26967608-0248,Samsung,galaxy a36 5g 8/128gb awesome lime (sm-a366blgp) глобальна версія,14077,0,0
1387,29456911-5069,Samsung,"Galaxy A72 (A725F) 6/128GB White 6.7"" 2400x1080 2SIM LTE NFC Bluetooth 5.0 5000 mAh Snapdragon 720G (173969447)",8949,0,0
1388,15544571-5069,Nokia,"7610 смартфон Symbian перламутровий, рубіновий (1833901463)",2149,0,1
1389,30223150-5802,Samsung,Galaxy S21 (G991B) 8/256GB Phantom Gray,20999,0,0
1390,30962313-3355,Oneplus,15 16/256GB Sand Gold CN [156286],44279,0,0
1391,31281124-0087,Zte,Nubia Z80 Ultra 16/1TB Black (Global Version),48429,0,0
1392,33137085-0087,Honor,Magic 8 Pro 12/512GB Black (Global Version) NFC (6270 mAh ver.),56128,0,1
1393,34033259-5069,Vivo,V23e 8/128GB Blue (672354096) Б/В,7499,0,0
1394,81661-3355,Sigma,mobile Comfort 50 Grace Black UA-UCRF [80724],1499,0,0
1395,29687-3355,Sigma,mobile Comfort 50 HIT2020 (Black) UA-UCRF [45569],1019,0,1
1396,15544001-5069,Nokia,114 Black 2сім,1499,20,3
1397,TE210413EK136-0087,Samsung,Galaxy S21 Plus G996B/DS 5G 8/128GB Violet,18031,0,10
1398,15544025-5069,Samsung,S3600 Silver,3679,0,0
1399,24050141-0298,Sigma,X-Style 34 NRG Type-C Blue UA,945,0,0
1400,11223399-0153,Google,Pixel 6a 6/128GB Sage,11999,100,4
1401,23195027-4689,Oneplus,10 Pro 12/256GB Green,18776,0,0
1402,29535930-0087,Samsung,Galaxy S23 8/256GB Green (SM-S911U) (USA Version),26988,0,0
1403,29456935-5069,Huawei,"Y6 2019 2/32 GB Midnight Black, 2 SIM 6.09"" IPS 13 Мп GPS LTE 3020 мАч RFB (2765405193)",4809,0,0
1404,29192247-5058,Apple,iPhone 16 Plus 128 GB White (Grade Q) Seller Refurbished (MXVV3),45409,0,0
1405,23805618-0486,Samsung,Galaxy S24 Ultra 12/512GB Titanium Black (SM-S928BZKH),47646,0,0
1406,30369697-0298,Realme,C85 Pro 8/128Gb Peacock Green NFC UA,9495,0,0
1407,30361262-0298,Infinix,Smart 10 Plus 4/128Gb Sleek Black UA,5498,0,0
1408,31052559-4340,Oneplus,15R 5G 12/256GB NFC Mint Breeze (Global Version),38662,0,0
1409,31280970-0087,Samsung,Galaxy S23 Ultra 5G 12/256GB Green SM-S918N (1sim) (Asian Version),36235,0,0
1410,31280870-0087,Samsung,Galaxy S23 5G 8/512GB Graphite (SM-S911N) (1sim+eSIM) (Asian Version),28601,0,0
1411,34847976-5069,Samsung,Galaxy A56 5G 8/256GB Awesome Graphite (SM-A566B) (10604920),20000,0,0
1412,13567628-3355,Samsung,Galaxy Xcover6 Pro 6/128GB Black (SM-G736B) [91591],22139,0,0
1413,23960040-4340,Oukitel,IIIF150 RAPTOR 5G 16/512GB Night Vision+ТЕПЛОВИЗОР ( Global Version ),32236,100,2
1414,17141652-4340,Blackview,BL9000 PRO 5G 12/512GB ТЕПЛОВИЗОР Black ( Global Version ),24156,20,3
1415,TE191213SD04-0087,Google,Pixel 4 XL 64GB Black “Seller Refurbished”,12332,90,6
1416,12997624-0087,Oppo,Reno 8 5G 8/256Gb Gold (Global Version),19891,0,0
1417,15705680-0087,Samsung,Galaxy S22 Ultra 8/128GB Phantom White (S908B/DS),23526,0,0
1418,16034094-0087,Samsung,Galaxy S10+ 12/1TB Green (SM-G9750) DS,19988,0,1
1419,21211220-0087,Samsung,Galaxy S22 Ultra 5G 12/512Gb Graphite (SM-S908U) (1sim) (USA Version),32354,0,0
1420,22511616-0087,Samsung,Galaxy S24+ 12/512Gb Marble Grey (SM-S926B/DS),37257,0,0
1421,22674418-5058,Apple,iPhone 14 Plus 128GB Blue (Grade B) Seller Refurbished (MQ523),23949,0,0
1422,24675257-0199,Realme,GT Neo6 5G NFC 16/256GB Green CN version (1217578),24633,0,0
1423,25711006-0298,Oppo,A5 Pro 8/128Gb Olive Green (CPH2711) UA,8798,0,0
1424,24475243-4340,Oukitel,WP55 Pro 5G 16/512GB Black ( Global Version ) (O4235),15440,0,0
1425,28788997-0087,Samsung,Galaxy S23 FE 8/256GB Cream SM-S7110 (Asian Version),23547,0,1
1426,29535912-0087,Samsung,Galaxy S23 Ultra 12/1TB Phantom Black (SM-S918UZKA) (USA Version),45580,0,1
1427,20199370-0248,Samsung,Galaxy Flip 6 12/256GB Silver Shadow (SM-F741BZSG),34280,0,0
1428,15544580-5069,Nokia,"N73 TFT 2.4"" 3.15МП Symbian 1100 мАг (1833901472)",2999,0,2
1429,30386868-3355,Nubia,NEO 3 GT 5G 12/256GB Electro Yellow [152987],14759,0,0
1430,30369691-0298,Realme,C85 6/128Gb Swan Black NFC UA,7693,0,0
1431,31280958-0087,Samsung,Galaxy S23 Ultra 5G 12/256GB Sky Blue (SM-S918N) (1sim) (Asian Version),36235,0,0
1432,31280869-0087,Samsung,Galaxy S23 Ultra 5G 12/256GB Phantom Black SM-S918N (1sim) (Asian Version),36235,0,0
1433,31280893-0087,Samsung,Galaxy S24+ 12/256GB Orange (SM-S926B),38149,0,0
1434,31281120-0087,Vivo,X100 Pro 16/1TB Asteroid Black (Asian Version),42902,0,0
1435,34052454-3355,Realme,C85 6/128GB Swan Black Global [166306],9719,0,0
1436,34339837-0087,Honor,400 Smart 5G 6/128GB Velvet Black (Global Version) (no charger),11074,0,0
1437,70944-3355,Google,Pixel 7 Pro 12/128GB (Snow) [74620],23759,0,0
1438,70932-3355,Google,Pixel 7 8/128GB (Snow) [74608],19619,0,0
1439,242347-0548,Honor,70 8/256GB Midnight Black (242347),19609,0,3
1440,81663-3355,Sigma,mobile X-style 31 Power Type-C (Black) UA-UCRF [80726],1319,0,0
1441,81662-3355,Sigma,mobile Comfort 50 Grace Red UA-UCRF [80725],1499,0,0
1442,34444-3355,Sigma,mobile Comfort 50 HIT2020 (Grey) UA-UCRF [50333],1019,0,0
1443,81665-3355,Sigma,mobile X-style 31 Power Type-C (Grey) UA-UCRF [80728],1319,0,0
1444,30922228-0454,Oppo,Reno15 Pro 12/512Gb (CPH2813) Aurora Blue,39999,0,0
1445,242515-0548,Google,Pixel 7 8/256GB Obsidian (242515),15412,0,2
1446,TE190104Y02-0087,Google,Pixel 2 128GB Just Black “Seller Refurbished”,7719,0,0
1447,1814812042-1756,Samsung,Galaxy S21 5G 128GB SM-G991U Phantom Gray 1SIM,15590,0,6
1448,12997554-0087,Oppo,Reno 6 Pro 5G 12/256Gb Arctic Blue,23322,0,0
1449,14221937-0087,Apple,iPhone 13 Pro Max 128Gb Silver (MLL73) Seller Refurbished,41440,0,0
1450,15292595-5069,Sony,"Xperia 1 Black 6/128GB OLED 6.5"" 3330 мАч 12+12+12/8 МП",16799,0,2
1451,21690612-0087,Realme,C75 8/256Gb Storm Black (UA UCRF) NFC,9644,0,1
1452,22327362-5058,Apple,iPhone 14 Plus 256GB Midnight (Grade A) Seller Refurbished (MQ533),29269,0,0
1453,22415170-4340,Cubot,KINGKONG X PRO 5G 24/256GB Black ( Global Version ),29750,0,0
1454,22634487-0087,Honor,Magic 7 Pro 12/512GB Black (Global Version),46827,0,0
1455,22843194-3355,Samsung,Galaxy A56 5G 8/128GB Awesome Light Gray (SM-A566BZAAEUC) UA-UCRF [129934],22439,0,0
1456,23865711-5058,Iphone,"15 256GB Black,Model A3090 (Grade A) Seller Refurbished (MTP63)",37959,0,1
1457,26575023-5058,Iphone,"15 Plus 128GB Blue,Model A3094 (Grade A) Seller Refurbished (MU163)",34459,0,0
1458,28662844-0087,Oppo,Reno 10 5G 8/256Gb Silvery Grey (CPH2531) (Global Version) NFC,21504,0,0
1459,28795615-0548,Смартфон honor,400 Pro 12/512Gb Тидал Синій,31154,0,0
1460,28742149-0486,Oneplus,13 12/256GB Black Eclipse (Global Version),31743,0,1
1461,29357738-0087,Google,Pixel 10 Pro XL 16/256Gb Moonstone,48117,0,0
1462,27303943-0548,Samsung,Galaxy A56 5G 8/256GB Awesome Graphite (SM-A566BZKC) (270636),21246,0,0
1463,31265568-5731,Realme,GT 8 Pro 16/512GB Diary White (407508),52805,0,0
1464,31280947-0087,Vivo,X100 Pro 12/256GB Startrail Blue (Asian Version),39429,0,0
1465,33521597-5058,Apple,iPhone 13 Pro Max 1 TB Gold (Grade B) Seller Refurbished (MLLM3),37379,0,0
1466,81667-3355,Sigma,mobile X-style 31 Power Type-C (Red) UA-UCRF [80730],1319,0,0
1467,29677-3355,Sigma,mobile X-style 18 TRACK (Red) UA-UCRF [46125],839,40,1
1468,TE20190820S05-0087,Google,Pixel 3a 4/64GB Clearly White “Seller Refurbished”,8687,"83,33",6
1469,239958-0548,Asus,Zenfone 9 8/128GB Moonlight White (239958),28056,0,0
1470,29675-3355,Sigma,mobile X-style 18 TRACK (Grey) UA-UCRF [46123],839,0,0
1471,14786325-3355,Sigma,X-treme PQ55 Black UA-UCRF [97063],10439,100,1
1472,29674-3355,Sigma,mobile X-style 18 TRACK (Black) UA-UCRF [46122],839,0,0
1473,12806572-3355,Sigma,mobile Comfort 50 Optima USB-C Black UA-UCRF [89062],1679,0,1
1474,83501-3355,Oppo,A74 5G 6/128GB (Fantastic Purple) Global [81869],12659,0,0
1475,14220446-3355,Ulefone,Armor 21 8/256GB Black [93212],14879,0,0
1476,15051020-0087,Oneplus,11 16/256Gb Green (Global Version),30365,0,0
1477,19310925-0087,Oneplus,Ace 3 Pro 24/1TB Grey,28375,0,1
1478,19787606-4806,Google,Pixel 9 Pro XL 16/128GB Obsidian (глобальна версія),51579,0,0
1479,24049994-0298,Oppo,Reno12 F 4G 8/256GB Amber Orange UA,29896,0,0
1480,24050123-0298,Nomi,i1880 Red UA,548,0,0
1481,24050132-0298,Nomi,i2841 Black UA,875,0,0
1482,24554390-0087,Samsung,Galaxy Flip 5 8/512GB Mint (SM-F731BLGH),36182,0,0
1483,25710998-0298,Oukitel,WP35 Pro 5G 12/512Gb Grey Global version,11186,0,0
1484,23805512-0486,Huawei,Nova 8i 6/128GB Starry Black (51096KMF),10136,0,0
1485,27204080-0087,Samsung,Galaxy A56 5G 12/256GB Awesome Olive (SM-A566BZGY),23053,0,0
1486,29535908-0087,Samsung,Galaxy S23 8/256GB Green (SM-S911BZGG),29451,0,0
1487,23864810-5069,Samsung,"Galaxy S8 Plus (G955F) 4/64GB Black 2SIM LTE 6.2"" 2960x1440 NFC 3500 mAh (1818080920)",11999,0,0
1488,28375914-0248,Samsung,galaxy a07 4/128gb green (sm-a075fzggsek) no adapter ua ucrf,6731,0,0
1489,27035894-5802,Google,Pixel 7 Pro 128GB Hazel,20499,0,0
1490,31076044-5069,Google,"Pixel 7 8/128GB Obsidian eSIM 5G NFC OLED 6.3"" Gorilla Victus Tensor G2 4K 4355 mAh (15463685)",12500,0,5
1491,31961842-0087,Vivo,X90 Pro 12/256GB Black (Global Version),35096,0,0
1492,34007068-5698,Motorola,Moto G86 5G 8/256GB Spellbound (PB7L0101),12294,0,0
1493,34006366-5698,Motorola,"Moto G17 Power 8/256GB Alaskan Blue (PBBM0004, PBBM0002) (PBBM0004RS)",9517,0,0
1494,38720-3355,Sigma,mobile Comfort 50 HIT2020 (Red) UA-UCRF [54467],1019,0,0
1495,29676-3355,Sigma,mobile X-style 18 TRACK (Green) UA-UCRF [46124],839,0,0
1496,222467-0548,Samsung,Galaxy S21+ 8/256GB Phantom Black (SM-G996BZKGSEK) (222467),21381,0,0
1497,66699-3355,Samsung,S906B Galaxy S22 Plus 5G 2022 8/128GB Pink (SM-S906BIDD) [71588],26639,0,0
1498,15073138-3355,Sigma,mobile X-style 310 Force Type-C Black UA-UCRF [97464],1439,0,0
1499,TE019357-0087,Sony,Xperia 1 IV 12/256GB White,32902,40,4
1500,TE211118EK50-0087,Oneplus,9R 12/256GB Carbon Black,23494,0,1
1501,13330145-0087,Samsung,Galaxy S22 Ultra 8/128Gb Green SM-S908U (USA Version),27601,0,2
1502,14448053-0087,Oneplus,Ace 2V 12/256GB Black (Asian Version),17956,0,0
1503,14451772-0087,Samsung,Galaxy S21 G991B/DS 5G 8/128Gb Phantom White,13838,0,0
1504,17208203-0087,Honor,90 8/256GB Green (UA),20590,0,0
1505,18043955-0087,Samsung,Galaxy S10+ 12/1TB Flamingo Pink (SM-G9750) (Asian Version),19988,0,0
1506,22613193-0087,Samsung,Galaxy S22 Ultra 5G 12/1TB Graphite (SM-S908U1) [1 sim],37257,0,2
1507,24050130-0298,Nomi,i2403 Red UA,701,0,0
1508,24554332-0087,Honor,Magic 7 Pro 12/512GB Breeze Blue (Global Version),47386,0,0
1509,27840498-3355,Oneplus,Ace 5 Ultra 16/512GB Blue CN [143701],28919,0,0
1510,28663012-0087,Oneplus,Ace 2V 16/512GB Green (Asian Version),19623,0,0
1511,28662913-0087,Honor,"Magic 7 Pro 16/1TB Black (Global Version) [5G, NFC]",53633,0,0
1512,28662946-0087,Google,Pixel 9a 8/256Gb Iris (Global Version),24375,0,0
1513,23806138-0486,Samsung,Galaxy A33 5G 6/128GB Black (SM-A336BZKG),13289,0,0
1514,21045046-0454,Samsung,Galaxy A16 SM-A165 4/128GB Light Green (SM-A165FLGBEUC),7199,0,0
1515,30148613-0087,Cubot,KingKong Mini 4 6/128GB Green (Global Version),7461,0,0
1516,30223164-5802,Samsung,Galaxy S23 5G 8/256GB Green (SM-S911B\DS),31999,0,0
1517,30369686-0298,Realme,15T 5G 8/256Gb Flowing Silver UA,12538,0,0
1518,30545203-4806,Motorola,"G57 Power, Corsair, 6.72 (2400x1080, 120 Гц, IPS), Qualcomm Snapdragon 6s Gen 4, 8Gb, 256Gb, 50/8Mp + 16Mp, (142112)",11813,0,0
1519,31281139-0087,Oukitel,P1 Pro 8/512GB Black (Global Version),11375,0,0
1520,31281141-0087,Samsung,Galaxy S24+ 12/512GB Onyx Black (SM-S9260) (Asian Version),42633,0,0
1521,31961888-0087,Honor,Magic 8 Pro 12/512GB Sky Cyan (Global Version) NFC (6270 mAh ver.),56128,0,0
1522,33520280-5069,Huawei,P40 Pro 8/256gb Blue,21999,0,0
1523,34056139-5698,Oneplus,Ace 6T 12/512GB Black (CN),25986,0,1
1524,33360194-5058,Apple,iPhone 15 256 GB Pink (Grade B) Seller Refurbished (MTP73),36049,0,0
1525,33852459-0087,Google,Pixel 10a 8/128GB Obsidian,23655,0,0
1526,34701273-3355,Tecno,Camon 50 8/256GB Moonshadow Black (4894947116155) [171432],16199,0,0
1527,28935532-5796,Samsung,Galaxy S22 Ultra 8/128Gb Phantom Black (S908B/DS),26000,0,0
1528,15292590-5069,Sony,"Xperia XA2 Black H4133 IPS 5.2"" 8 ядер 3/32GB 23мп/8мп 3300 мА·год",11249,0,0
1529,17208144-0087,Apple,iPhone 13 128Gb Midnight Seller Refurbished,27848,0,2
1530,16966652-5069,Nokia,5310 Xpress Music Black,2999,0,1
1531,19859918-0298,Sigma,X-Style 18 Track Black-Red,641,0,0
1532,21691427-5058,Iphone,"12 Pro 256GB Gold, A2407 (Grade A) Seller Refurbished (MGMR3)",21289,0,1
1533,22589297-0087,Honor,70 8/256GB Midnight Black (Global Version),19891,0,0
1534,24931036-4806,Для,людей похилого віку Agm M8 Flip (52197),4732,0,0
1535,28662860-0087,Samsung,Galaxy S23 Ultra 5G 8/256Gb Cream (SM-S918U) 1sim (USA Version),36182,0,0
1536,23967779-0486,Apple,iPhone 16e 512GB Black (MD1X4),47029,0,0
1537,29804700-0486,Samsung,Galaxy A56 5G 12/256GB Awesome Graphite (SM-A566BZKY),22224,0,0
1538,30031830-0782,Zte,Nubia Neo 3 GT 5G 12/256GB Yellow,14526,0,0
1539,30148675-0087,Samsung,Galaxy S23 5G 8/256Gb Lime (SM-S911N) (1sim+eSIM) (Korea Version),26451,0,0
1540,30369687-0298,Realme,C85 6/128Gb Kingfisher Blue NFC UA,7688,0,0
1541,30411790-3355,Oneplus,15 16/512GB Purple CN [153864],55979,0,1
1542,30361217-0298,Infinix,GT30 8/256Gb Blade White UA,13078,0,1
1543,30495658-5796,Google,Pixel 8 Pro 12/256GB Bay,29000,0,1
1544,31280941-0087,Samsung,Galaxy S23 Ultra 5G 12/256Gb Lavender SM-S918N (1sim) (Asian Version),36235,0,0
1545,32884723-4806,Blackview,"Oscal Tiger 12 12/256Gb DS Cloudwing Grey NFC (сірий) 6.78"" 5000мАг (53759)",8800,0,0
1546,33780116-0087,Oneplus,"Ace 6T 16/256GB (Green) NFC, OxygenOS, no OTA",25644,0,0
1547,33780118-0087,Blackview,Fort 5 12/256GB Yellow (Global Version),16128,0,0
1548,34025630-5698,Oneplus,15 12/512GB Black (CN),38530,0,0
1549,34527283-0087,Oneplus,Nord CE 6 8/256Gb Pitch Black (Global Version),26451,0,0
1550,19143382-4340,Oukitel,WP39 5G 6/256GB Black ( Global Version ),12563,100,1
1551,222460-0548,Samsung,Galaxy S21 8/128GB Phantom Violet (SM-G991BZVDSEK),16695,0,3
1552,2390-0224,Blackview,"BL8800 Pro (8+128Gb, ​​8380 mAh + Тепловізор) 5G Green",15999,0,0
1553,14451770-0087,Samsung,Galaxy S22 Ultra 5G 12/512Gb Black S9080/DS,34235,0,0
1554,15050980-0087,Honor,90 8/256Gb Midnight Black (UA UCRF),20590,0,0
1555,15292571-5069,Sony,"Xperia 10 I4113 Black Dual Sim IPS 6"" 8ядер 2870мач 3/64GB 13+5/8мп GPS",9299,0,1
1556,16661504-0087,Samsung,"Galaxy S10 5G 8/256Gb Crown Silver (SM-G977N) [1sim, Exynos]",15698,0,1
1557,19143369-4340,Realme,12 4G 8/256Gb (RMX3871) Skyline Blue,10233,0,0
1558,19902027-4340,Blackview,OSCAL TIGER 13 5G 8/256GB Aurora Blue (Global Version),7139,0,2
1559,21116822-0087,Meizu,Note 21 4/256GB White (Global Version),8698,0,0
1560,21648270-4340,Blackview,BV7300 6/256GB Black ( Global Version ),9790,0,0
1561,22161708-4340,Cubot,KINGKONG X 5G 12/256GB Black ( Global Version ),12315,0,0
1562,33858776-5911,Nokia,3310 Blue (2017),1199,0,0
1563,24674884-0199,Realme,GT5 12/256GB 150W Flowing Silver CN version NFC (121596),22889,0,0
1564,25947789-0298,Sigma,Comfort 50 Shell Duo Type-C Black UA,1136,0,0
1565,25947799-0298,Nomi,i2440 Black UA,920,0,0
1566,27476079-1756,Realme,10 Pro+ 5G 8/128GB Hyperspace Gold Global Rom,10919,0,0
1567,27840496-3355,Oneplus,Ace 5 Ultra 16/256GB Black CN [143698],28679,0,0
1568,18003896-0248,Soyes,XS16 2/16Gb blue,3195,0,0
1569,28789023-0087,Zte,Nubia Z70S Ultra 16/512GB Classic Black (Global Version),40203,0,0
1570,29188623-0199,Cubot,A40 4/256GB Black (Global Version),5885,0,0
1571,25343709-5787,Samsung,Galaxy A16 LTE 4/128Gb Чорний (SM-A165FZKBEUC) (brn_SM-A165FZKBEUC),11374,0,0
1572,29544212-5069,Samsung,"Galaxy S23 Ultra 12/512GB 6.8"" 120 Гц Snapdragon 8 Gen 2 200Мп 8К NFC 5000 mAh (6751120)",50000,0,1
1573,29357656-0087,Sharp,Aquos Wish 5 5G 8/256GB Black,16332,0,1
1574,30223153-5802,Samsung,Galaxy S21ultra 2sim SM-G998B/DS(256Gb) Phantom Silver,25999,0,0
1575,30265133-5069,Samsung,"Galaxy A53 8/256Gb Black 2 SIM 6.5"" Exynos 1280 NFC 64 Мп 4К 5000 мАч (9810451)",18999,0,1
1576,30303411-3355,Oneplus,15 12/512GB Black CN [153858],46799,0,1
1577,30457795-0248,Motorola,moto edge 70 12/512gb gadget grey (pba50006rs),28523,0,0
1578,31280810-0087,Zte,Nubia Z80 Ultra 16/512GB Black (Global Version),43601,0,0
1579,31280979-0087,Samsung,Galaxy S24+ 12/512GB Amber Yellow SM-S9260 (Asian Version),42633,0,0
1580,34007260-5698,Motorola,Moto G06 4G 4/64GB Arabesque (PBA20003),5540,0,0
1581,34025551-5698,Google,Pixel 10 Pro XL 16/256GB Obsidian (esim),47770,0,0
1582,34026807-5698,Google,Pixel 10 12/256GB Obsidian (nano sim + esim),37003,0,0
1583,237665-0548,Samsung,G736 Galaxy Xcover 6 Pro 6/128 Black (237665),19868,0,0
1584,215133-0548,Samsung,Galaxy S20 Ultra SM-G988 128GB Grey (SM-G988BZAD) (215133),20136,0,0
1585,15544624-5069,Nokia,X2-00,2929,100,2
1586,18043960-0087,Samsung,Galaxy Fold 4 12/256Gb Beige SM-F9360,42354,100,2
1587,14541-0165,Glofiish,G Pad U,3150,"88,00",12
1588,239957-0548,Asus,Zenfone 9 8/128GB Midnight Black (239957),28056,0,0
1589,14742272-0548,Google,Pixel 8 8/128GB Hazel,22159,0,4
1590,2443-0224,Oukitel,"WP21 (12+256Gb, АКБ 9800 мАг) Black",10499,0,0
1591,1415077472-1756,Google,Pixel 5 8/128GB Just Black,10339,0,3
1592,15588743-0248,Google,Pixel 7 8/128GB Snow Європейська версія (241807),15286,0,0
1593,1786404908-1756,Samsung,Galaxy S21 Plus 5G 8/128Gb SM-G996U Phantom Gray Refurbished,13669,0,0
1594,NW23632-0248,Huawei,nova 10 8/128gb silver (NW23632),17947,0,0
1595,12920487-1756,Google,Pixel 6a 6/128GB Charcoal “Seller Refurbished”,10929,0,0
1596,14451777-0087,Samsung,Galaxy S22 Ultra 12/256GB Phantom Black (SM-S908BZKG),28494,0,7
1597,17208081-0087,Samsung,Galaxy S22 Ultra 5G 12/1TB Phantom Black SM-S908U1 [1 sim] (USA Version),37257,0,1
1598,19859803-0298,Sigma,X-Style 31 Power Type-C Black,1123,0,0
1599,21204198-0087,Samsung,Galaxy S23 Ultra 8/256Gb Green (SM-S918BZGGSEK),36988,0,0
1600,21414346-5058,Iphone,"14 Pro 128GB Space Black, A2890 (Grade A) Seller Refurbished (MPXV3)",33899,0,0
1601,21414217-5058,Apple,"iPhone 14 Pro Max 128GB Deep Purple, A2894 (Grade A) Seller Refurbished (MQ9T3)",37119,0,3
1602,24675172-0199,Oukitel,WP36 Pro 6/256GB Black ( Global Version ),8283,0,0
1603,15544217-5069,Nokia,"6.2 4/128GB Black 2SIM 6.3"" IPS 16 Мп+8 Мп+5 Мп 3500 мАч 4G NFC",10499,0,0
1604,24675115-0199,Meizu,Note 21 M411H 4/256GB Blue EU (1217319),8065,0,0
1605,25634454-5796,Google,Pixel 8 8/128GB Mint,20000,0,2
1606,26754778-0087,Samsung,Galaxy S22 Ultra 5G 12/1TB Green (SM-S908U) 1sim (USA Version),37257,0,0
1607,28662921-0087,Oneplus,"10 Pro 12/256GB Panda White (Global Version) [5G, NFC]",24623,0,0
1608,18003899-0248,Soyes,XS16 2/16Gb violet,3195,0,0
1609,28731116-4340,Unihertz,8849 TANK 4 PRO 5G 18GB/1TB Black NIGHT VISION + ПРОЖЕКТОР + ПРОЕКТОР (Global Version),41399,0,0
1610,28729005-0248,Motorola,Moto G34 8/128GB Ice Blue,8879,0,0
1611,29456927-5069,Huawei,"Nova 10 Pro 8/256GB Starry Black 2 SIM 6.78"" OLED Snapdragon 778G NFC 4500 mAh (16749440)",22509,0,0
1612,23864786-5069,Samsung,"Galaxy A04 4/64GB Copper (SM-A045FZCGSEK) 2SIM LTE 6.5"" 1600x720 50 Мп+2 Мп Full HD 5000 mAh (2204264468)",5699,0,0
1613,29456898-5069,Huawei,"Y6 Prime 2019 Blue 3/64GB, 2 SIM GPS 5.7"" IPS Snapdragon 425 13 Мп 3000 мАч (7631340999)",5549,0,0
1614,29303920-5058,Apple,iPhone 13 Pro Max 1 TB Silver (Grade B) Seller Refurbished (MLLL3),37379,0,1
1615,15544392-5069,Samsung,"Galaxy Note 8 N950FD 6/64GB Black Super AMOLED 6.3"" 8ядер 3300 mAh 2сим.",8849,0,0
1616,29790319-0782,Tecno,Spark 40 Pro+ 8/256Gb Nebula Black (4894947096334),11894,0,1
1617,29790533-0782,Oppo,Reno14 F 5G 8/256GB Luminous Green (OFCPH2743 _GREEN _8/256),19133,0,0
1618,30382654-0548,Oneplus,Ace 6 12/512GB Black (273999),25505,0,1
1619,31280789-0087,Samsung,Galaxy Flip 6 12/256GB Blue (SM-F741BLBG),38709,0,0
1620,31280886-0087,Google,Pixel 8 8/256GB Mint,30365,0,1
1621,31281071-0087,Samsung,Galaxy S24+ 12/256Gb Onyx Black (SM-S9260) (Asian Version),37311,0,0
1622,32641327-3355,Motorola,Edge 70 12/512GB Gadget Grey (PBA50006RS) UA-UCRF [162829],34319,0,0
1623,34007146-5698,Motorola,Edge 50 12/512 Koala Grey (PB2U0009),17961,0,0
1624,34025552-5698,Google,Pixel 10 Pro XL 16/512GB Moonstone (esim),55180,0,0
1625,34026744-5698,Oneplus,Nord 5 12/512GB Dry Ice,23502,0,0
1626,34339809-0087,Motorola,Edge 70 Fusion 8/256GB Orient Blue (PBBD0008) (UA UCRF),19612,0,0
1627,34185827-5056,Google,Pixel 6 Stormy Black (8/128Гб) (3073080767),11899,0,0
1628,34527354-0087,Oneplus,15 12/256GB Black (Asian Version),38870,0,0
1629,222464-0548,Samsung,Galaxy S21+ 8/128GB Phantom Black (SM-G996BZKDSEK) (222464),18018,0,0
1630,15009518-0224,Oukitel,WP32 (4+128Gb) Green,6099,0,0
1631,238400-0548,Honor,X8 6/128GB Titanium Silver (238400),9953,0,0
1632,14374260-0224,Ulefone,Armor 22 (8+256Gb) Green,9499,0,0
1633,15009516-0224,Oukitel,WP32 (4+128Gb) Orange,6099,0,0
1634,220444-0548,Google,Pixel 5 8/128GB Sorta Sage (220444),10738,0,0
1635,222380-0548,Samsung,Galaxy S21 Ultra 12/256GB Phantom Silver (SM-G998BZSGSEK) (222380),25241,0,0
1636,14245535-0224,Ulefone,Armor X12 Pro (4+64Gb) Orange,6599,0,0
1637,225028-0548,Oukitel,WP9 6/128GB Black,8231,0,1
1638,14245534-0224,Ulefone,Armor X12 Pro (4+64Gb) Green,6599,0,0
1639,26664762-0087,Google,Pixel 9 Pro 16/128GB Hazel (Global Version),36504,100,1
1640,240416-0548,Asus,Zenfone 9 8/128GB Starry Blue (240416),28056,0,0
1641,241548-0548,Asus,Zenfone 9 16/256GB Midnight Black (241548),35235,0,0
1642,12635822-0224,Cubot,"KingKong 9 (12+256Gb, АКБ 10600 мАг) Black",10999,0,0
1643,230533-0548,Asus,ROG Phone 5s 12/128Gb Storm White (230533),25331,20,4
1644,230632-0548,Google,Pixel 6 Pro 12/256Gb Cloudy White,21907,0,0
1645,236157-0548,Sony,Xperia 10 IV 6/128GB Lavender,19609,0,0
1646,14257386-3355,Ulefone,Armor 22 8/256GB Black [94333],11639,40,1
1647,21706816-0782,Realme,C75 8/256GB (RMX3941) Lightning Gold,10321,20,1
1648,23805926-0486,Huawei,P40 8/256GB Blush Gold (239983),33532,0,0
1649,14222058-0087,Tecno,Spark 8 (Kg6k) 4/64Gb Cyan UA UCRF,6397,0,0
1650,27656513-0153,Google,Pixel 8 8/256GB Hazel,23999,0,1
1651,15292594-5069,Sony,"Z5 compact Graphite Black IPS 4.6"" 8ядер 32гб 23мп GPS 2700мАч.",7499,0,0
1652,15292573-5069,Sony,"Z5 E6653 Black 4G IPS 5.2"" 8ядер 3/32GB 23мп/5мп GPS 2900 мА·год",7499,0,2
1653,19143378-4340,Cubot,MAX 5 12/256GB Black ( Global Version ),23800,0,3
1654,24675100-0199,Oukitel,IIIF150 Air3 12/512GB Check Black (Global Version),9918,0,0
1655,19885533-0087,Samsung,Galaxy S10+ 12/1TB Prism White (SM-G9750) DS,19988,0,2
1656,15544585-5069,Nokia,6500c Classic Black Нокіа 6500 Чорний,2399,0,0
1657,21423000-5069,Nokia,"110 Black TA-1192 1.77"" TFT 160x120 2SIM 800 mAh",1299,0,0
1658,21808959-5565,Sigma,(m110314) (X-treme PR68 Type-C Black),2818,0,0
1659,22161718-4340,Doogee,S119 8/512GB Red Night Vision ( Global Version ),11244,0,0
1660,22327359-5058,Iphone,"14 128GB (PRODUCT)RED,Model A2882 (Grade B) Seller Refurbished (MPVA3)",22749,0,0
1661,22613189-0087,Samsung,Galaxy S23 FE 8/256Gb Mint (SM-S711B/DS),24676,0,17
1662,22857587-4806,Google,Pixel 9 Pro XL 16/256GB Obsidian (GA05983-GB) (51859),56304,0,1
1663,24210528-4806,Blackview,Oscal Tiger 12 12 / 256 Gb Cerulean Blue (блакитний) (16824),7550,0,0
1664,24674942-0199,Realme,12 Pro plus 5G 8/256GB Submariner Blue (глобальна версія) (121735),16894,0,1
1665,24719949-0087,Meizu,Mblu 21 4/64GB White (Global Version),4805,0,0
1666,24605613-5796,Google,Pixel 7 8/256GB Snow (242186),18500,0,0
1667,26754808-0087,Samsung,Galaxy S24 Ultra 12/256GB Titanium Yellow (SM-S928BZYG),47397,0,0
1668,28813310-0454,Motorola,Moto G06 4/64GB Tapestry (UA UCRF),5199,0,0
1669,29357630-0087,Oneplus,"12R 16/512GB Cool Blue (Global Version) [5G, NFC]",29343,0,0
1670,29357722-0087,Samsung,Galaxy S20 FE 5G 8/128GB Orange (SM-G7810),13870,0,0
1671,23864878-5069,Nokia,"7.2 DS 4/64GB Charcoal Black 2 SIM 6.3"" IPS Snapdragon 660 NFC 3500 мАч (176540572)",14999,0,0
1672,27303937-0548,Samsung,Galaxy A36 5G 8/256GB Awesome Black (SM-A366BZKG) (270628),19727,0,0
1673,30148760-0087,Motorola,Moto G06 Power 4/256GB Tapestry (PBA00000) (UA UCRF),8386,0,0
1674,30361255-0298,Infinix,Smart 10 Plus 4/128Gb Iris Blue UA,5388,0,0
1675,31067353-1228,Motorola,Edge 70 12/512GB Gadget Grey (PBA50006RS),42060,0,0
1676,31280884-0087,Vivo,X100 12/256GB White (Asian Version),33924,0,0
1677,31280991-0087,Vivo,X100 Pro 16/512GB Startrail Blue (Asian Version),40300,0,0
1678,31547803-4340,Cubot,Kingkong Ace 5 8/256GB Black (Global Version),10822,0,0
1679,33936375-4340,Oukitel,WP61 PLUS 5G 12/512GB Black Night Vision + РАЦІЯ (Walkie-Talkie) (Global Version),20812,0,0
1680,34142875-3355,Oneplus,15 12/512GB Sand Gold CN [153859],48179,0,0
1681,236158-0548,Sony,Xperia 10 IV 6/128GB Mint,19609,0,0
1682,218130-0548,Oneplus,Nord 12/256Gb Gray Onyx (218130),18286,0,0
1683,221964-0548,Oukitel,WP5 Pro 4/64GB Black,7498,0,0
1684,13643007-0548,Tecno,Camon 19 Neo (CH6i) 6/128GB Eco Black (236745),6770,0,0
1685,230745-0548,Samsung,Galaxy S22 Ultra 12/512GB Green (SM-S908BZGH) (230745),35201,0,0
1686,15591234-0248,Google,Pixel Fold 12/512GB Obsidian,37220,0,0
1687,30922222-0454,Oppo,Reno15 Pro 12/512Gb (CPH2813) Dusk Black,39999,0,0
1688,242583-0548,Ulefone,Armor 15 6/128GB Blue,8395,0,0
1689,14741924-0548,Google,Pixel Fold 12/256GB Obsidian,39040,0,0
1690,232220-0548,Oneplus,Ace 12/256Gb Blue,14358,0,1
1691,228565-0548,Blackview,A100 6/128Gb Pink,8305,0,0
1692,14742274-0548,Google,Pixel 8 8/128GB Obsidian,25241,0,1
1693,TE200317XD04-0087,Samsung,Galaxy Note 9 N960U 6\128Gb Metallic Copper 1 sim,11870,0,0
1694,TE210427EK06-0087,Samsung,Galaxy S21 G991B/DS 5G 8/128GB Phantom Pink,16881,0,3
1695,TE019999-0087,Oneplus,9 Pro 8/128GB Stellar Black (239032),17386,0,0
1696,14451792-0087,Samsung,Galaxy S22 Ultra 12/256Gb Green (S908B/DS),33096,0,3
1697,15051018-0087,Google,Pixel 8 Pro 12/512GB Obsidian,39891,0,0
1698,16034158-0087,Samsung,Galaxy S10+ 12/1TB Ceramic White (SM-G9750) DS,20526,0,0
1699,16834817-1756,Samsung,Galaxy S22 Ultra 5G SM-S908B 8/128GB Phantom White,24289,0,0
1700,15544739-5069,Google,"Pixel 2 4/64GB Black AMOLED 5"" 8ядер 12мп/8мп Новий оригінал",10499,0,0
1701,17667160-5069,Samsung,"Galaxy S9 (SM-G960) 4/64GB Gold 1 SIM LTE Super AMOLED 5.8"" 2960x1440 8ядер 12мп",8999,0,0
1702,19859800-0298,Sigma,X-Style 18 Track Black-Gray,645,0,0
1703,19753182-5069,Samsung,"Galaxy S10 Plus 8/128GB Black SM-G975 6.4"" Exynos 9820, 8 ядер 4100мАч",14999,0,1
1704,24050129-0298,Nomi,i2403 Dark Green UA,730,0,0
1705,24050143-0298,Sigma,X-Style 34 NRG Type-C Black UA,933,0,0
1706,24444249-5058,Apple,iPhone 12 64 GB Blue (Grade A) Seller Refurbished (MGJ83),14419,0,0
1707,24675148-0199,Blackview,OSCAL TIGER 13 8/256gb Blue (1217362),7084,0,0
1708,28376032-0248,Google,pixel 9a 5g 8/256gb iris us,22053,0,0
1709,27304039-0548,Honor,X8c 8/512GB Marrs Green (270733),11915,0,0
1710,27304034-0548,Honor,Magic7 Pro 16/1TB Black (270729),52171,0,0
1711,28737844-4340,Ulefone,Armor 34 Pro 5G 16/512GB Black Night Vision + Проектор + Прожектор (Global Version),28785,0,0
1712,28813334-4340,Cubot,KingKong 11 5G 16/256GB Black Night Vision ( Global Version ),13791,0,1
1713,29440114-0248,Oppo,a6 pro 4g 8/256gb lunar titanium,14777,0,0
1714,15292574-5069,Sony,"Xperia XA Grey IPS 5"" 2/16GB 13мп GPS 8ядер 2300Ач. Б/в",4499,0,0
1715,24608181-0548,Samsung,Galaxy A36 5G 8/256GB Awesome White (SM-A366BZAG) (270070),17469,0,0
1716,24080405-0486,Samsung,Galaxy A26 5G 8/256GB Black (SM-A266BZKC),17431,0,0
1717,30131099-4689,Google,Pixel 10 Pro 16/128GB Obsidian EU/TW,38879,0,0
1718,30147556-4340,Realme,GT 7T 5G 12/256GB IceSense Black (Global Version),29656,0,0
1719,30147561-4340,Realme,15 5G 12/256GB Suit Titanium (Global Version),18551,0,0
1720,30361243-0298,Infinix,Hot 60i 8/256Gb Titanium Silver UA,7698,0,0
1721,30361216-0298,Infinix,Hot 60 Pro 8/128Gb Titanium Silver UA,8499,0,0
1722,30361235-0298,Infinix,Hot 60 Pro+ 8/256Gb Sleek Black UA,10086,0,0
1723,23865070-5069,Samsung,"Galaxy S20 (G980F) 8/128GB Cosmic Grey, 2 SIM 6.2"" Dynamic AMOLED Exynos 990 NFC 4000 mAh (1766678329)",15009,0,0
1724,27035886-5802,Google,Pixel 6 256GB Kinda Coral,16999,0,0
1725,31266504-1756,Google,Pixel 8a 8/128GB Bay,17289,0,1
1726,31653886-0087,Samsung,Galaxy S23+ 8/256GB Lavender (SM-S916N) (1sim+eSIM),28354,0,0
1727,33780170-0087,Realme,15T 5G 12/512GB Gray (Global Version) NFC (US Adapter),14945,0,0
1728,32641330-3355,Motorola,Edge 70 Fusion 8/256GB Silhouette (PBBD0022RS) UA-UCRF [162826],21419,0,0
1729,33768030-0454,Infinix,Smart 20 X6840B 4/64GB Polaris Titanium,5999,0,0
1730,34025554-5698,Google,Pixel 10 Pro XL 16/256GB Moonstone (esim),47300,0,0
1731,34339792-0087,Oneplus,"Nord 6 8/256GB Pitch Black (Global Version) (no charger) [5G, NFC]",27526,0,0
1732,34527302-0087,Honor,8x 4/128GB Blue (Asian Version),7246,0,0
1733,13644230-0548,Blackview,A85 8/128GB Deep Sea Blue (243655),6938,0,0
1734,14741542-0548,Oneplus,Nord N20 SE 4/128GB Celestial Black,6148,0,0
1735,14740171-0548,Samsung,Galaxy S20 FE 5G SM-G7810 8/128GB Cloud Mint (220601),15636,0,0
1736,13644037-0548,Huawei,Nova 10 8/128GB Starry Silver (242573),19609,0,0
1737,217656-0548,Samsung,Galaxy S20 Ultra 5G SM-G988B 12/128GB White (217656),20136,0,1
1738,223680-0548,Oneplus,9 8/128GB Astral Black (223680),13047,0,0
1739,24605616-5796,Google,Pixel 7 Pro 12/256GB Snow,22500,0,0
1740,TE210913EK04-0087,Cubot,Max 3 Black (Global),6235,0,3
1741,1693833115-4340,Doogee,S89 8/128GB Night Vision Black ( Global ORIGINAL ),10947,0,0
1742,TE022004-0087,Oneplus,11 16/256GB PHB110 Black (CN Version),30085,0,0
1743,14831933-0087,Samsung,Galaxy Note 20 Ultra 5G N986N 12/256Gb (1sim) Mystic Black (Snapdragon),23601,0,2
1744,30495656-5796,Google,Pixel 8 Pro 12/256GB Obsidian,29000,0,2
1745,15292580-5069,Sony,"Xperia Z3 D5803 compact black 3G 4G IPS 4.6"" 4ядра 2/16GB 20.7mp 2600 mAh",4049,0,0
1746,15292579-5069,Sony,"Xperia Z3 D6603 Black IPS 5.2"" 4ядра 3/16GB 20.7мп 3100Ач",5999,0,0
1747,15733474-4340,Blackview,BV6200 Pro 6/128GB Black (Global Version),8113,0,1
1748,15292576-5069,Sony,"Xperia XA2 Black H3113 IPS 5.2"" 8 ядер 3/32GB 23мп/8мп 3300 Ач",11249,0,0
1749,15544528-5069,Samsung,Galaxy S8 4/64GB 2SIM (SM-G950) Black 8 ядер 12/8мп GPS,11999,0,0
1750,16044927-4340,Blackview,BL9000 5G 12/512GB Black (Global Version),19741,0,0
1751,19143386-4340,Doogee,Blade 10 PRO 6/256GB Black Red ( Global Version ),8371,0,0
1752,18248033-4340,Cubot,X90 16/256GB Global NFC Black ( Global Version ),15000,0,0
1753,15544562-5069,Nokia,"6700 silver 2.2"" 960 мА·год 5мп бізнес-телефон",5859,0,3
1754,21476017-5069,Samsung,"Galaxy Note 8 (SM-N950U) 6/64 GB Black 4G LTE 2 SIM 6.3"" 2960x1440 3300 мАг Bluetooth 5.0 новий",10999,0,1
1755,21990988-0087,Samsung,Galaxy Fold 5 12/256Gb Cream (SM-F946BZEB),50483,0,0
1756,21990989-0087,Samsung,Galaxy Fold 5 12/512GB Cream (SM-F9460),55537,0,0
1757,21991010-0087,Samsung,Galaxy Fold 5 12/512Gb Icy Blue SM-F946B,55537,0,0
1758,22155937-5058,Iphone,"12 Pro 128GB Gold, Model A2407 (Grade A) Seller Refurbished (MGMM3)",19189,0,0
1759,13259603-0087,Samsung,Galaxy S23+ 5G 8/512GB Phantom Black SM-S916U1 (USA Version),32945,0,0
1760,22434084-5058,Iphone,14 Pro Max 128GB Space Black (Grade B) Seller Refurbished (MQ9P3),35259,0,0
1761,15544207-5069,Nokia,"E52 Black 2.4"" 3.2 Мп 1500 мАг 3G GPS, нокіа E52",4499,0,3
1762,23908355-0087,Sigma,mobile X-style 353 TREND Mint (UA UCRF),1504,0,0
1763,28663043-0087,Motorola,Razr 60 Ultra 16/512Gb Mountain Trail (Global Version),52042,0,0
1764,18003996-0248,Tkexun,M2 red,1930,0,0
1765,28922276-3355,Unihertz,Tank 3 16/512Гб чорний (глобальна версія),28619,0,0
1766,29535921-0087,Samsung,Galaxy S23 8/256GB Lavender (SM-S911BLIG) 2 SIM,29451,0,0
1767,23864848-5069,Samsung,"Galaxy A10s (A107F) 2/32 GB Blue 2 SIM 6.2"" Bluetooth 5.0 4000 мАh (87652318)",5259,0,0
1768,23865039-5069,Samsung,"Galaxy A53 5G 8/128GB Peach 2 SIM 6.5"" Exynos 1280 NFC 64 Мп 4К 5000 mAh (9810418)",19049,0,0
1769,24080400-0486,Samsung,Galaxy A36 5G 8/256GB Awesome Lavender (SM-A366BLVG),18301,0,0
1770,21995375-0248,Samsung,"Galaxy Flip 6 12/512GB Blue (SM-F741B) [5G, NFC]",37959,0,0
1771,29790355-0782,Tecno,Spark 40 Pro+ 8/256Gb Aurora White (4894947096341),11894,0,0
1772,30223156-5802,Samsung,Galaxy S22 Ultra 5G 12/256Gb Burgundy (SM-S908U),30799,0,0
1773,30924619-5227,Motorola,Moto Edge 70 12/512GB Lily Pad (PBA50025RS),33910,0,0
1774,31280798-0087,Samsung,Galaxy S23 Ultra 5G 12/512GB Graphite (SM-S918N) (1sim) (Asian Version),38709,0,0
1775,31280953-0087,Zte,Nubia Neo 3 GT 5G 12/256GB Yellow (UA UCRF),13547,0,0
1776,31280910-0087,Samsung,Galaxy Flip 6 12/512GB Yellow (SM-F741BZYH),41504,0,0
1777,31517640-4340,Blackview,BV6200 Plus 8/128GB Orange ( Global Version ),7790,0,0
1778,31653871-0087,Samsung,Galaxy S23+ 8/256GB Phantom Black (SM-S916N) (1sim+eSIM),28354,0,0
1779,31961853-0087,Oppo,Reno 10 Pro+ 16/512GB Gold (Global Version),24988,0,0
1780,34041502-5069,Samsung,Galaxy S23 Plus 256GB Green (02983746) Б/В,26599,0,0
1781,34339765-0087,Honor,400 Smart 5G 8/256GB Desert Gold (Global Version) (no charger),11773,0,0
1782,34745668-4340,Oukitel,WP66 5G 12/512GB Orange (Global Version),18075,0,0
1783,15544770-5069,Lg,"G9 Velvet 5G G900N 6/128GB Black P-OLED 6.8"" 4300мАч камера 48+8+5 Мп",11179,100,1
1784,17141621-4340,Oukitel,WP35 8/256GB Grey ( Global Version ),10947,60,1
1785,TE210913EK05-0087,Cubot,Max 3 Green (Global),6235,0,3
1786,TE211217EK04-0087,Samsung,Galaxy S20+ 128GB SM-G986U White 1 SIM (USA Version),12730,0,5
1787,TE220112EK51-0087,Samsung,Galaxy S20 FE 5G 8/128GB Cloud Mint (SM-G781B),14408,0,0
1788,TE021506-0087,Honor,X8 6/128GB Ocean Blue (232397),10106,0,1
1789,TE022120-0087,Google,Pixel 7a 8/128GB Charcoal,15687,0,7
1790,13259501-0087,Samsung,Galaxy S20 Ultra 5G 12/256Gb Cloud White SM-G9880 2sim,22203,0,0
1791,13330137-0087,Samsung,Galaxy Note 20 5G SM-N9810 8/256Gb Mystic Bronze,19988,0,1
1792,14831932-0087,Samsung,Galaxy S22+ 8/256GB Green (SM-S906BZGG),26934,0,0
1793,15051017-0087,Samsung,Galaxy S22 Ultra 5G 8/128GB SM-S908U Phantom Burgundy,27601,0,1
1794,15292587-5069,Sony,"Xperia XZ2 Dual 2sim Liquid Black 5.7"" 4/64GB 19/5мп 3180мАч RFB",11999,0,1
1795,17042547-5069,Samsung,"Galaxy S9 G965F 2sim Black 64ГБ 6.2"" 8 ядер 12+12МП 3000 mAh",14999,0,0
1796,19310886-0087,Sony,Xperia 1 VI 12/256GB Black,61870,0,0
1797,19859804-0298,Sigma,X-Style 31 Power Type-C Grey,1098,0,0
1798,19885560-0087,Samsung,Galaxy S21 8/256GB Phantom Pink (SM-G991BZIGSEK),19967,0,0
1799,22161706-4340,Ulefone,Armor X31 Pro 5G 8/256GB Classic Black Night Vision ( Global Version ),12338,0,0
1800,22589310-0087,Oneplus,12 12/256GB Flowy Emerald (Asian Version),35472,0,0
1801,20753576-5543,Hotwav,Note 13 Pro 8/256GB (33174),7026,0,0
1802,24050088-0298,Sigma,X-treme PQ56 6/128Gb Black UA,7918,0,0
1803,24050124-0298,Nomi,i1890 Blue UA,644,0,1
1804,24050155-0298,Sigma,X-treme PV68 Black-orange UA,1346,0,0
1805,21818671-1943,Oukitel,"WP35 5G/6.6""/FHD+/8GB/256GB/MTK6100+/11000mAh/64+32MP/IP69K/NFC/Green (WP35Green)",15176,0,0
1806,24674828-0199,Realme,11 Pro+ 12/512GB Astral Black EU NFC (121827),20382,0,0
1807,25806212-5543,Agm,M6 4G Dual Sim Rugged Phone (52195),3789,0,0
1808,25806215-5543,Agm,M7 PRO 2/16Gb чорний (52196),5530,0,0
1809,26575783-0782,Motorola,Edge 60 Pro 12/512GB Dazzling Blue (PB7X0069RS),26835,0,0
1810,24475246-4340,Ulefone,Armor 28 Pro 5G 16/512GB Black Night Vision ( Global Version ) (U8168),26179,0,0
1811,28662862-0087,Motorola,moto G86 5G 8/256GB Cosmic Sky (PB7L0090RS) (UA UCRF),12977,0,0
1812,18063824-5227,Sigma,mobile Comfort 50 Dual Sim Red/Black (4827798212516),1211,0,0
1813,27858586-0486,Samsung,Galaxy Note20 Ultra SM-N985F 8/256GB Mystic Bronze (SM-N985FZNG),50840,0,0
1814,19237023-3355,Google,Pixel 9 Pro XL 16/256Gb Hazel,51719,0,0
1815,26664901-0087,Samsung,Galaxy Fold 6 12/256GB Navy (SM-F956BDBB),63106,0,0
1816,23805446-0486,Samsung,Galaxy S24 Ultra 12/512GB Titanium Gray (SM-S928BZTH) (SM-S928BZTHEUC),47646,0,0
1817,30148631-0087,Google,Pixel 9 Pro XL 16/512GB Rose Quartz,53010,0,0
1818,30223154-5802,Samsung,GALAXY S22 ULTRA 5G 256GB SM-S908B/DS PHANTOM BLACK,30999,0,0
1819,30223158-5802,Samsung,Galaxy S23 5G 8/128GB Phantom Black (SM-S911B\DS),27499,0,0
1820,30223163-5802,Samsung,Galaxy S23 5G 8/256GB Phantom Black (SM-S911B\DS),31999,0,0
1821,30380885-0248,Realme,c85 8/256gb (rmx5566) swan black,11582,0,0
1822,30369694-0298,Realme,C85 8/256Gb Swan Black NFC UA,10654,0,0
1823,30498310-0248,Samsung,galaxy s25+ 12/256gb синій (sm-s936bdbd) глобальна версія,37220,0,0
1824,31131163-0199,Unihertz,jelly max 12/256gb black (201603),18311,0,0
1825,31280960-0087,Samsung,Galaxy Fold6 12/1TB Pink (SM-F956BLIN),82192,0,0
1826,31281106-0087,Samsung,Galaxy S23 Ultra 5G 12/256GB Graphite (SM-S918N) (1sim) (Asian Version),36235,0,0
1827,31653852-0087,Motorola,Moto G06 Power 4/256GB Laurel Oak (PBA00001) (UA UCRF),8386,0,0
1828,33768027-0454,Infinix,Smart 20 X6840B 4/128GB Sunlike Orange,6299,0,0
1829,32881395-0454,Myphone,Hammer Construction 6/128GB Silver (5902983620365),6441,0,0
1830,34006222-5698,Motorola,Moto Razr 70 8/256GB Bright White (PBB60008),38024,0,0
1831,34041505-5069,Samsung,Galaxy S23 Plus 512GB Black (02983746) Б/В,27599,0,0
1832,33994191-3355,Moto,Edge 70 Fusion 8/256GB Orient Blue (PBBD0024RS) UA-UCRF [166059],21419,0,0
1833,34146871-5058,Apple,iPhone 16 Plus 128 GB Pink (Grade B) Seller Refurbished (MXVW3),40989,0,0
1834,34339838-0087,Vivo,X100 Pro 16/1TB Startrail Blue (Asian Version),42902,0,0
1835,34339794-0087,Vivo,X100 Pro 16/512GB Asteroid Black (Asian Version),40300,0,0
1836,34527306-0087,Vivo,V70 FE 8/256GB Light Purple (Global Version),26386,0,0
1837,23864738-5069,Samsung,"Galaxy S8 4/64GB 2SIM (SM-G950) Black 5.8"" 8 ядер 12/8мп GPS NFC 3000 mAh (18180809161) Б/В",8259,0,0
1838,28826806-4340,Oukitel,WP210 5G 12/512GB Black ( Global Version ),19981,100,1
1839,27189601-0548,Ulefone,Armor 28 Ultra Thermal Version 16/1TB Epic Black (Global Version),46993,0,0
1840,TE019801-0087,Blackview,BL8800 Pro 8/128GB Black,18117,0,0
1841,12920479-1756,Samsung,Galaxy S20 FE SM-G780F 6/128GB Pink,10959,0,0
1842,14448045-0087,Ulefone,Armor 22 8/256GB Green (Global Version)) NFC,10752,0,0
1843,14451768-0087,Samsung,Galaxy S22 Ultra 5G 12/256Gb Green S9080/DS,31698,0,0
1844,14451913-0087,Samsung,Galaxy S22 Ultra 5G 12/256Gb Black S9080/DS,31332,0,0
1845,14451800-0087,Samsung,Galaxy S21 SM-G9910 8/128Gb Phantom Gray,17300,0,2
1846,14451898-0087,Samsung,Galaxy S21 SM-G9910 8/128Gb Phantom Pink,15805,0,0
1847,14546141-1756,Samsung,Galaxy S20 5G SM-G981U Gray,13390,0,0
1848,15263801-0087,Oppo,Find X5 8/256Gb Black,27354,0,0
1849,15544742-5069,Google,"Pixel 4 6/64GB Just Black OLED 5.7"" 8ядер 2800мАч оригінал новий",16669,0,0
1850,17208094-0087,Realme,GT Neo 3 8/128Gb 80W Black,19891,0,0
1851,18474041-0087,Google,Pixel 8a 8/256GB Obsidian,26289,0,0
1852,15328698-1756,Samsung,Galaxy S21 FE 5G 6/128GB SM-G990B Graphite,12599,0,0
1853,19472077-4340,Hotwav,Hyper 7 Pro 5G 16/256GB Magma Red ( Global ORIGINAL ),13969,0,0
1854,19859806-0298,Sigma,X-Style 310 Force Black-Orange,1307,0,1
1855,13950121-3355,Samsung,Galaxy Fold5 12/256GB Icy Blue (SM-F946BLBB) [92274],55259,0,0
1856,21648263-4340,Blackview,BV7300 6/256GB Yellow (Global Version),9790,0,0
1857,21991014-0087,Samsung,Galaxy Fold 5 12/256GB Icy Blue (SM-F9460),49934,0,0
1858,16966651-5069,Nokia,C5-00 1050 мАг 5мп оригінал Black,4499,0,0
1859,23908399-0087,Sigma,mobile X-style 353 TREND Black (UA UCRF),1504,0,0
1860,24050107-0298,Nokia,105 TA-1569 SS 2023 Charcoal UA,988,0,0
1861,24554379-0087,Oneplus,"Ace 5 Pro 12/256GB Gray (Asian Version) (noNFC, без Play Market, ColorOS)",27246,0,0
1862,24674943-0199,Realme,12 Pro plus 5G 8/256GB Navigator Beige (глобальна версія) (121736),17221,0,0
1863,25711394-5058,Iphone,"15 256GB Blue,Model A3090 (Grade Q) Seller Refurbished (MTP93)",39969,0,0
1864,25710977-0298,Realme,12 Pro 5G 8/256Gb Navigator Beige NFC (RMX3842) UA,14114,0,0
1865,29314129-4340,Blackview,Oscal TANK 1 5G 16/512GB Orange Night Vision (Global Version),19027,0,0
1866,29535927-0087,Samsung,Galaxy S23 8/256GB Phantom Black (SM-S911BZKG),31762,0,0
1867,16966650-5069,Nokia,"5310 XpressMusic Blue 2.1"" 320x240 2 МП GSM 860 мАг",2999,0,0
1868,22249389-1228,Samsung,Galaxy A16 LTE 4/128Gb Light Green (SM-A165FLGBEUC),12037,0,0
1869,24608176-0548,Samsung,Galaxy A26 5G 8/256GB White (SM-A266BZWC) (270068),16269,0,0
1870,24080391-0486,Samsung,Galaxy A56 5G 8/128GB Awesome Pink (SM-A566BLIA),18581,0,0
1871,24080394-0486,Samsung,Galaxy A36 5G 8/256GB Awesome White (SM-A366BZAG),18301,0,0
1872,30147568-4340,Oukitel,WP62 5G 16/512GB Black (Global Version),14624,0,0
1873,30148729-0087,Samsung,Galaxy S23 5G 8/256Gb Lavender (SM-S911N) (1sim+eSIM) (Korea Version),26451,0,0
1874,30277121-0199,Realme,15T 8/128GB Flowing Silver (Global Version),10790,0,3
1875,30304849-4689,Samsung,Galaxy Xcover 6 Pro SM-G736B 6/128GB Black,17552,0,0
1876,30361257-0298,Infinix,Smart 10 Plus 4/128Gb Ruby Red UA,5718,0,0
1877,30962312-3355,Oneplus,15 16/256GB Black CN [156285],45059,0,0
1878,31193575-1228,Oppo,Reno15 F 5G 8/256GB Twilight Black (OFCPH2801_BLACK_256),25030,0,1
1879,31281096-0087,Samsung,Galaxy S23 Ultra 5G 12/512Gb Phantom Black SM-S918N (1sim) (Asian Version),38709,0,0
1880,32641328-3355,Motorola,Edge 70 12/512GB Bronze Green (PBA50046RS) UA-UCRF [162828],34319,0,0
1881,33781297-3355,Google,Pixel 10a 8/256GB Fog [165090],33239,0,0
1882,33959468-4340,Oneplus,Ace 6 5G 16/256GB NFC Quick Silver,25929,0,0
1883,34006302-5698,Nothing,Phone (4a) 12/256GB White,22343,0,0
1884,34006301-5698,Nothing,Phone (4a) 12/256GB Black,22386,0,0
1885,34007235-5698,Motorola,Razr 60 Ultra 16/512GB Scarab (PB8R0078),55605,0,0
1886,34007156-5698,Nothing,Phone (3) 12/256GB Black,29811,0,0
1887,34025627-5698,Oneplus,15 16/1TB Black (CN),47734,0,0
1888,34339865-0087,Oneplus,13s 12/512GB Green Silk (Global Version),35128,0,0
1889,34527341-0087,Motorola,Edge 70 Fusion 8/256GB Orient Blue (PBBD0008) (Global Version),19300,0,0
1890,34535955-4806,Oukitel,"C59 Pro 8/256 GB 6.88"" акумулятор 10000 мАг чорний (78267)",10900,0,0
1891,TE190129J20-0087,Google,Pixel 3 XL 4/128GB Not Pink “Seller Refurbished”,10580,0,1
1892,TE019803-0087,Blackview,BL8800 Pro 8/128GB Orange,18117,0,0
1893,TE019736-0087,Samsung,Galaxy S20 5G SM-G9810 12/128GB Cosmic Gray,15461,0,1
1894,TE020792-0087,Blackview,BV5200 4/32Gb NFC Orange,5999,0,0
1895,TE021244-0087,Oukitel,C32 8/128GB Purple (no NFC),6558,0,1
1896,13281911-4340,Blackview,BV8900 8/256GB Orange ТЕПЛОВІЗОР (Global ORIGINAL),13660,0,0
1897,15292593-5069,Sony,"Xperia 10 Plus I4213 Black IPS 6.5"" 8ядер 4/64GB 3000 мА·год",11999,0,1
1898,16737304-0087,Apple,iPhone 13 128Gb Blue Seller Refurbished,27956,0,0
1899,15544214-5069,Nokia,"8 Dual Sim 4/64 ГБ Black 5.3"" 13 Мп+13 Мп 3090 мАг A-GPS NFC",8249,0,0
1900,17631595-0087,Realme,GT Neo 3 5G 8/128GB Чорний (Глобальна версія),19192,0,0
1901,19143363-4340,Oukitel,C37 6/256GB Purple ( Global Version ),10000,0,0
1902,19859916-0298,Sigma,Comfort 50 Grace CF212 Black,1203,0,0
1903,19859939-0298,2e,T180 Max 2023 Black,938,0,0
1904,19885502-0087,Samsung,Galaxy S21 Ultra 16/512GB Phantom Black (SM-G998BZKHSEK),31698,0,2
1905,21211214-0087,Samsung,Galaxy S22 Ultra 5G 12/256Gb Graphite (SM-S908U) (USA Version),29977,0,2
1906,21204209-0087,Samsung,Galaxy S23 Ultra 8/256Gb Phantom Black (SM-S918BZKD),38709,0,1
1907,21211184-0087,Oneplus,13 16/512GB Blue (Asian Version),37461,0,1
1908,15544198-5069,Samsung,"Galaxy S10 DUOS 8/128GB 6.1"" 12 Мп 2 Sim 3400 mAh Bluetooth 5.0 black (SM-G973FD)",15599,0,1
1909,21399235-0087,Samsung,Galaxy Flip 5 8/512Gb Cream (SM-F731BZEH),36182,0,0
1910,21991025-0087,Samsung,Galaxy Fold 5 12/1TB Icy Blue (SM-F946BLBN),68709,0,0
1911,23194689-0087,Google,Pixel 9 Pro XL 16/512GB Hazel (Global Version),53117,0,1
1912,24050121-0298,Nomi,i1871 Black UA,899,0,0
1913,24050122-0298,Nomi,i1880 Black UA,548,0,0
1914,24050126-0298,Nomi,i2403 Black UA,723,0,0
1915,24050135-0298,Sigma,Comfort 50 CF113 HIT2020 Green UA,749,0,0
1916,24674779-0199,Cubot,P80 8/256gb black (101697),6975,0,0
1917,24675248-0199,Ulefone,Note 18 Ultra 6/256Gb Titanium Grey (1217538),8610,0,0
1918,24719942-0087,Samsung,Galaxy S22 Ultra 5G 12/512Gb Red (SM-S908E/DS) (1sim+eSIM),33214,0,0
1919,25343421-5787,Sigma,X-treme PV68 Black (4827798738214) (brn_4827798738214),2210,0,0
1920,25349599-4806,Realme,GT Neo6 SE 16 / 512 GB CN version NFC зелений (77055),23300,0,0
1921,25947801-0298,Nokia,150 TA-1582 2023 Червоний UA,1761,0,0
1922,24475244-4340,Blackview,Oscal Marine 1 4/128GB Black ( Global Version ) (B3305),7795,0,0
1923,28733865-3355,Oneplus,Nord 5 12/512GB Marble Sands [143676] (6921815629900),31739,0,0
1924,28662915-0087,Sharp,Aquos Sense 8 5G 8/256GB Green,26074,0,0
1925,28662934-0087,Samsung,Galaxy S22 Ultra 12/512GB Red (SM-S908BZRH),35633,0,1
1926,19662122-0548,Apple,"iPhone 16 Pro Max 256GB eSIM Natural Titanium (MYW63) ""Seller Refurbished""",66586,0,0
1927,28731120-4340,Unihertz,8849 TANK 4 PRO 5G 16/512GB Black NIGHT VISION + ПРОЖЕКТОР + ПРОЕКТОР (Global Version),39257,0,0
1928,29186831-0087,Sharp,Aquos Wish 4 5G 6/128GB White,9784,0,0
1929,25343708-5787,Samsung,Galaxy A16 LTE 4/128Gb Світло-зелений (SM-A165FLGBEUC) (brn_SM-A165FLGBEUC),11374,0,0
1930,29456934-5069,Samsung,"Galaxy S21FE 5G (G990B) 8/256GB Graphite 6.4”, 2 SIM, Full HD+, 4500 мАч, NFC, Bluetooth 5.0 (788743264)",22509,0,0
1931,23864938-5069,Samsung,"Galaxy Note 8 (SM-N950U) 6/64 GB Black 4G LTE 2 SIM 6.3"" 2960x1440 3300 мАг Bluetooth 5.0 (09898907)",13499,0,0
1932,29456899-5069,Huawei,"Y6 Prime 2019 Brown 3/64GB, 2 SIM GPS 5.7"" IPS Snapdragon 425 13 Мп 3000 мАч (8631340991)",5549,0,0
1933,29357601-0087,Sharp,Aquos Wish 5 5G 8/256GB White,16332,0,0
1934,29440240-0248,Google,pixel 10 pro xl 5g 16/256gb obsidian глобальна версія,48535,0,0
1935,7561320-3365,Cdma/gsm,телефон ZTE H500,2500,0,0
1936,16689683-0548,Samsung,Galaxy S24 SM-S9210 12/256GB Onyx Black (261018),32348,0,0
1937,27303935-0548,Samsung,Galaxy A36 5G 8/256GB Awesome Lavender (SM-A366BLVG) (270629),17469,0,0
1938,27303936-0548,Samsung,Galaxy A36 5G 8/256GB Awesome Lime (SM-A366BLGG) (270630),17469,0,0
1939,29684134-0486,Nothing,Phone (3) 16/512GB White,36280,0,0
1940,29804701-0486,Oneplus,Nord 5 8/256GB Phantom Grey,20733,0,0
1941,30147558-4340,Realme,C75 8/256GB Storm Black (Global Version),10306,0,0
1942,30147578-4340,Realme,NOTE 70 4/128GB Beach Gold (Global Version),6178,0,0
1943,30235933-0454,Realme,C85 Pro 8/128GB (RMX5555) Peacock Green,8934,0,0
1944,30369695-0298,Realme,C85 Pro 8/256Gb Parrot Purple NFC UA,12044,0,0
1945,30401894-0199,Realme,P3 Lite 4/128GB Білий ЄС (201515),5994,0,0
1946,30361236-0298,Infinix,Hot 60 Pro+ 8/256Gb Titanium Silver UA,10086,0,0
1947,30544916-4806,Sigma,"mobile X-style 281 Clik, Червоний, 2 Mini-SIM, дисплей 2.8' (240х320) + 1.77' (128x160), розкладушка, SC6531E, (141790)",1828,0,0
1948,29316714-0548,Samsung,Galaxy A26 5G 8/256GB Peach Pink (SM-A266BZIJ),13602,0,0
1949,27036400-5802,Google,Pixel 7 Pro 128GB Snow,20499,0,0
1950,31281075-0087,Samsung,Galaxy S24+ 12/512GB Cobalt Violet (SM-S9260) (1sim) (Asian Version),42633,0,0
1951,31961867-0087,Oneplus,15 16/256GB Black (Asian Version),38214,0,0
1952,32641326-3355,Motorola,Edge 70 12/512GB Lily Pad (PBA50025RS) UA-UCRF [162830],34319,0,0
1953,33137060-0087,Blackview,Oscal Marine 3 8/128 Black,7827,0,0
1954,33176217-4806,Hmd,2660 Flip TA-1711 Dual Sim (1GF033CPH1C01) чорний (78111),3990,0,0
1955,33780119-0087,Nothing,Phone (4a) 12/256GB Black (Global Version),25375,0,0
1956,33780139-0087,Samsung,Galaxy S23 Ultra 12/512GB Lavender (SM-S918N) 1 SIM (USA Version),38709,0,0
1957,33948576-4340,Ablackview,ROCK 3 8/256GB Orange ТЕПЛОВІЗОР (Global Version),17242,0,0
1958,33959477-4340,Realme,C85 8/256GB Parrot Purple (Global Version),11854,0,0
1959,34006233-5698,Motorola,Moto G06 4G 4/128GB Tapestry (PBA20018),6771,0,0
1960,34026832-5698,Google,Pixel 10 12/128GB Indigo (nano sim + esim),32767,0,0
1961,34039095-3355,Oppo,Reno15 5G 8/512GB Twilight Black Global [166277],32459,0,0
1962,34184676-5058,Apple,iPhone 14 Pro eSIM (Grade A) Seller Refurbished (MQ1D3),36049,0,0
1963,34527291-0087,Motorola,Edge 70 Fusion 8/256GB Silhouette (PBBE0000) (UA UCRF),19612,0,0
1964,26761981-4340,Oneplus,Ace 5 12/256GB NFC Gravitational Titanium ( Global ROM ),23077,100,3
1965,NW22160-0248,Sigma,mobile comfort 50 hit orange (NW22160),976,0,0
1966,TE211118EK55-0087,Oneplus,9R 8/256GB Green,23838,0,0
1967,TE211118EK56-0087,Oneplus,9R 8/256GB Lake Blue,23838,0,0
1968,NW27505-0248,Samsung,galaxy s23 ultra 8/256gb green (sm-s918bzgd),35489,0,0
1969,12920475-1756,Samsung,Galaxy Note 20 SM-N981U 8/128GB Mystic Bronze,14599,0,0
1970,14451859-0087,Samsung,Galaxy S21 SM-G9910 8/256Gb Phantom Violet,18870,0,0
1971,14451897-0087,Samsung,Galaxy S21+ 5G 8/256Gb Phantom Violet SM-G9960,20805,0,0
1972,15050948-0087,Google,Pixel 8 Pro 12/256GB Porcelain,33386,0,2
1973,15544451-5069,Google,Pixel 3 XL 4/64GB Black,11249,0,1
1974,16034215-0087,Zte,Axon 30 Ultra 12/256Gb Black,28031,0,0
1975,16661486-0087,Samsung,"Galaxy Note 10 5G 12/256Gb Aura Red (SM-N971N) [1sim, Exynos]",16504,0,0
1976,15544268-5069,Lg,"G6 G600 32ГБ Platinum 4x2.35 ГГц, 4 ГБ IPS 2880x1440 камера 13+13 Мп 3G 4G NFC GPS FM новий",7499,0,0
1977,17141627-4340,Cubot,KingKong AX 12/256GB Black ( Global Version ),10352,0,0
1978,18248010-4340,Hotwav,T7 PRO 6/256GB Black ( Global Version ),8113,0,0
1979,18248024-4340,Oukitel,WP35 8/256GB Coffee ( Global Version ),10947,0,0
1980,19472078-4340,Unihertz,8849 SHARK 1 5G 12/256GB Black ( Global ORIGINAL ),20586,0,0
1981,19859933-0298,2e,E180 2023 Black,564,0,0
1982,19885525-0087,Samsung,Galaxy S21 Ultra 16/512Gb Phantom Silver (SM-G998B),31698,0,2
1983,21211195-0087,Samsung,Galaxy S22 Ultra SM-S908U 12/256GB Phantom Black (USA Version),31160,0,1
1984,21636040-0087,Samsung,Galaxy S23+ 8/256Gb Phantom Black (SM-S9160),32257,0,0
1985,21568549-3355,Samsung,Galaxy A16 4/128GB Black (SM-A165FZKBEUC) UA-UCRF [124978],9659,0,0
1986,22161702-4340,Ulefone,Armor X31 Pro 5G 8/256GB Limestone Green Night Vision ( Global Version ),13595,0,0
1987,16071945-0248,Samsung,Galaxy S24+ 12/256Gb Cobalt Violet (SM-S926B/DS),34748,0,0
1988,22468802-4806,Oppo,Reno 8 5G 8/256GB Shimmer Black (чорний) (51674),19874,0,0
1989,23919845-4340,Oukitel,WP200 Pro 5G 24/1024GB Black / Смарт-годинник / Навушники ( Global Version ),29332,0,1
1990,24050120-0298,Nomi,i1871 Red UA,917,0,0
1991,24050128-0298,Nomi,i220 Black UA,1265,0,0
1992,24570096-4806,Google,Pixel 8 Pro 12/128Gb Bay (блакитний) глобальна версія (16966),33500,0,1
1993,24554373-0087,Oukitel,WP39 Pro 12/512GB Gold (Global Version),13053,0,0
1994,24674704-0199,Oukitel,iiiF150 Air1 Ultra 8/256gb purple (101417),11880,0,0
1995,24674707-0199,Oukitel,WP21 12/256GB Black (243133),11335,0,0
1996,24719880-0087,Sharp,Aquos Sense 8 5G 8/256GB Black,26074,0,0
1997,24719922-0087,Samsung,Galaxy S22 Ultra 5G 12/512Gb Green (SM-S908E/DS) (1sim+eSIM),33214,0,0
1998,24931032-4806,Nokia,110 2024 (TA-1694) чорний (52192),1650,0,0
1999,25806213-5543,Agm,M10 Flip 4G чорний (52194),3400,0,0
2000,26754832-0087,Samsung,Galaxy S23+ 8/512Gb Graphite S916N (1sim+eSIM),30257,0,0
2001,26664934-0087,Samsung,Galaxy S24 Ultra 12/512GB Titanium Yellow (SM-S928B/DS),50203,0,0
2002,26575782-0782,Motorola,Edge 60 Fusion 8/256GB Slipstream (PB7E0039RS),16876,0,1
2003,27573209-0782,Infinix,Smart 10 Plus 4/128Gb Sleek Black (4894947091179),6911,0,1
2004,28663001-0087,Samsung,Galaxy S23 8/512GB Green (SM-S9110) (Asian Version),32526,0,0
2005,28729845-0782,Motorola,Edge 50 Fusion 8/256GB Forest Green (PB3T0083RS),12327,0,0
2006,28662920-0087,Samsung,Galaxy S20 FE 5G SM-G7810 8/256GB Cloud Navy (Asian Version),15805,0,0
2007,15590582-0248,Samsung,Galaxy Fold5 12/1TB Icy Blue (SM-F946BLBNSEK) [100261],62135,0,0
2008,23195026-4689,Honor,Magic7 Pro 12/512GB Lunar Shadow Grey (270348),38879,0,0
2009,23806282-0486,Asus,ROG Phone 5s 12/128GB Storm White,25231,0,0
2010,21995490-0248,Tkexun,g10-1 4g (yeemi g10-1) чорний. двійний дисплей (ZP-00000008082),2710,0,0
2011,24654232-0153,Google,Pixel 8a 8/128GB Porcelain,18999,0,0
2012,29186879-0087,Hotwav,Cyber ​​16 Pro 8/512GB Black (Global Version),12085,0,0
2013,29535909-0087,Samsung,Galaxy S23 8/128GB Green (SM-S911BZGD),26537,0,0
2014,23805620-0486,Samsung,Galaxy A12 SM-A127F 3/32GB Black (SM-A127FZKUSEK),5476,0,0
2015,30148734-0087,Samsung,Galaxy S23 Ultra 5G 12/512Gb Green S918U1 (1sim+eSIM) (USA Version),39429,0,0
2016,30342996-0298,Blackview,Oscal Tank 1 12/256Gb Black EU,13660,0,0
2017,30369700-0298,Realme,C85 Pro 8/256Gb Peacock Green NFC UA,12098,0,0
2018,30304890-4689,Samsung,Galaxy A56 5G 8/128GB Чудовий графіт (SM-A566BZKA),16739,0,0
2019,30564012-5058,Apple,iPhone 15 Plus 128 GB Green (Grade A) Seller Refurbished (MU173),34459,0,0
2020,29316703-0548,Samsung,Galaxy A07 4/128GB Light Violet (SM-A075FLVG) (273172),6568,0,0
2021,34006403-5698,Motorola,Moto Edge 60 Pro 8/256 GB Sparkling Grape (PB7X0089RS) ( 11915 ),20808,0,0
2022,31045179-5058,Apple,iPhone 14 Pro 512 GB Deep Purple (Grade B) Seller Refurbished (MQ273),37529,0,0
2023,31280927-0087,Samsung,Galaxy S23 5G 8/512GB Lavender SM-S911N (1sim) (Asian Version),28601,0,0
2024,31280791-0087,Samsung,Galaxy S23 Ultra 5G 12/512GB Red (SM-S918N) (1sim) (Asian Version),38709,0,0
2025,31280867-0087,Oukitel,WP60 8/256GB Silver (Global Version) NFC,12870,0,0
2026,31280898-0087,Samsung,Galaxy S24+ 12/512GB Marble Grey (SM-S9260) (Asian Version),42633,0,0
2027,31653833-0087,Motorola,Moto G77 8/256GB Shaded Spruce (UA UCRF),13096,0,0
2028,31961836-0087,Oneplus,12 16/1TB Flowy Emerald (India Version) no eSIM,43418,0,0
2029,33780101-0087,Honor,Magic 8 Lite 8/512GB Forest Green (Global Version) (no charger),22128,0,0
2030,33936387-4340,Oukitel,WP61 Ultra 5G 12/512GB Black Night Vision + ТЕПЛОВІЗОР (Global Version),26167,0,0
2031,34006210-5698,Motorola,Moto Razr 70 8/256GB Hematite (PBB60052),36210,0,0
2032,34006216-5698,Motorola,Moto Razr 70 8/256 Sporting Green (PBB60054),36194,0,0
2033,34007098-5698,Motorola,Moto Edge 60 Pro 12/512GB Shadow (PB7X0068),24955,0,0
2034,34007253-5698,Motorola,Moto G06 4G 4/64GB Tendril (PBA20000),5489,0,0
2035,34007161-5698,Motorola,Moto G06 4G 4/64GB Tapestry (PBA20002),5540,0,0
2036,34025393-5698,Google,Pixel 10a 8/256GB Berry,27602,0,0
2037,34026783-5698,Google,Pixel 10 Pro XL 16/256GB Moonstone (nano sim + esim),48599,0,0
2038,34133310-5058,Apple,iPhone 14 Pro 512 GB Silver (Grade B) Seller Refurbished (MQ1W3),39509,0,0
2039,34339793-0087,Oneplus,13s 12/512GB Black Velvet (Global Version),35128,0,0
2040,34558140-3355,Realme,C75 8/256GB Storm Black Global EU [129232],10859,0,0
2041,NW16905-0248,Samsung,galaxy a53 5g 6/128gb black (sm-a536bzkn) (NW16905),11866,0,0
2042,NW21154-0248,Sigma,mobile x-style 351 lider black (NW21154),1426,0,0
2043,23909233-4200,Samsung,S22 Ultra SM-S908B/DS 2SIM 8/128GB Green,27782,100,3
2044,TE211130EK02-0087,Oneplus,9R 8/256GB Carbon Black,23838,0,1
2045,TE019468-0087,Google,Pixel 6 Pro 12/512Gb Stormy Black,24128,0,3
2046,NW27510-0248,Samsung,galaxy s23 ultra 8/256gb phantom black (sm-s918bzkd) (NW27510),35489,0,0
2047,TE021279-0087,Samsung,Galaxy S21 5G 8/256GB SM-G991U Phantom White 1SIM (USA Version),18386,0,1
2048,13259519-0087,Samsung,Galaxy S20 Ultra 5G 12/256Gb Cosmic Grey SM-G9880 2sim,22203,0,1
2049,13330106-0087,Ulefone,Note 16 Pro 8/128GB Serenity Blue,7289,0,0
2050,14221958-0087,Oppo,Find X5 Pro 12/256Gb Ceramic White,31666,0,0
2051,14451908-0087,Samsung,Galaxy S22 Ultra 12/512Gb Green (SM-S908BZGH),35633,0,0
2052,15292582-5069,Sony,Xperia Z5 Dual E6633 Black 3/32GB 2sim 5.2 8ядер 23mp 2900 mAh,8109,0,1
2053,15292597-5069,Sony,"Xperia XZ2 Black 4/64GB 1SIM 19/5Мп 3180 мАh IPS 5.7"" RFB",8999,0,2
2054,15295262-0087,Ulefone,Armor X12 3/32Gb Black,5967,0,0
2055,15292572-5069,Sony,"Xperia Z5 compact Graphite Black IPS 4.6"" 8ядер 32 гб 23мп GPS 2700 мА·год.",7499,0,0
2056,15705778-0087,Oneplus,Ace 2 Pro 12/256GB Green,22977,0,3
2057,15733473-4340,Blackview,A96 8/256GB Obsidian Black (Global Version),17850,0,0
2058,24605624-5796,Google,Pixel 6 Pro 12/256Gb Sorta Sunny (USA Version),17500,0,0
2059,16834826-1756,Samsung,Galaxy S21 Ultra 5G SM-G998B 12/256GB Phantom Silver,22689,0,0
2060,15292598-5069,Sony,"Xperia XZ1 4/64Gb Black G8341 IPS 5.2"" 8 ядер 19/13мп 2700мп",7949,0,0
2061,14451890-0087,Samsung,Galaxy S21 FE 5G 6/128Gb White (SM-G990BZWD),14676,0,2
2062,19310917-0087,Oneplus,Ace 3 Pro 16/256GB Green,25805,0,2
2063,19143370-4340,Oukitel,WP39 5G 6/256GB Green ( Global Version ),12563,0,0
2064,19902017-4340,Ulefone,Armor mini 20T Pro 5G 12/256GB Black ТЕПЛОВІЗОР (Global Version),20626,0,0
2065,19902032-4340,Ulefone,Armor 25T 4G 6/256GB Black ТЕПЛОВІЗОР+Night Vision (Global Version),17401,0,1
2066,19885527-0087,Samsung,Galaxy S9+ 6/64Gb Grey (SM-G9650) (SnapDragon),11709,0,0
2067,19859875-0298,Ulefone,Armor 24 12/256GB Black Global version,13175,0,0
2068,21204197-0087,Samsung,Galaxy S23 Ultra 12/256Gb Cream (SM-S918BZEG),40687,0,3
2069,21211219-0087,Samsung,Galaxy S22 Ultra 5G 12/512Gb White (SM-S908U1) (1sim) (USA Version),32354,0,0
2070,21204208-0087,Samsung,Galaxy S23 Ultra 12/256Gb Lavender (SM-S918BLIG),39322,0,0
2071,20978610-4340,Doogee,V Max Pro 5G 12/256GB Gray (Global Version),19336,0,0
2072,21535312-0087,Samsung,Galaxy S23+ 8/512GB Phantom Black (SM-S916BZKG),38149,0,4
2073,21636036-0087,Samsung,Galaxy S23 Ultra 12/256Gb Cream (SM-S9180) 2 SIM,38977,0,2
2074,21614149-0087,Google,Pixel 9 12/256GB Wintergreen (Global Version),39612,0,0
2075,21690600-0087,Oneplus,9 Pro 8/256GB Pine Green (Global Version),18816,0,0
2076,22146746-5543,Sigma,mobile X-treme PR68 Type-C чорний 4827798122419 (16461),2469,0,1
2077,22589278-0087,Nubia,Z70 Ultra 16/512GB Yellow (Global Version),35053,0,0
2078,17632227-4806,Sigma,mobile X-treme PQ56 6 / 128 ГБ чорний,9658,0,0
2079,22659407-5069,Huawei,"P20 Lite 4/128GB Blue 2SIM 4G 5.84"" Bluetooth 4.2 16 Мп + 2 Мп 3000 mAh новий",6999,0,0
2080,22659413-5069,Huawei,"P20 Lite 4/128 GB Black 2сім IPS 5.84"" 8ядер GPS 3000 mAh новий оригінал",6999,0,0
2081,24050127-0298,Nomi,i220 Red UA,1273,0,0
2082,24050153-0298,Sigma,X-treme PK68 Black UA,2306,0,0
2083,24554369-0087,Google,Pixel 9a 8/128GB Iris (Global Version),22472,0,0
2084,24570093-4806,Realme,C75 8/256Gb Lightning Gold (золотистий) (16959),9574,0,0
2085,24719850-0087,Samsung,Galaxy S21+ 8/256GB Dual Phantom Red (SM-G996B),21655,0,0
2086,26972553-4340,Doogee,Blade 20 Play 5G 8/256GB Obsidian Silver ( Global Version ) (D2241),15945,0,0
2087,27573200-0782,Infinix,Note 50 Pro+ 12/256Gb NFC Enchanted Purple (4894947070075),23849,0,0
2088,28662963-0087,Oneplus,"10 Pro 12/512GB Green (Global Version) [5G, NFC]",29515,0,0
2089,15591132-0248,Sigma,mobile X-style 310 Force Black-Orange (UA UCRF),1475,0,0
2090,18003989-0248,Tkexun,"g10 (yeemi g10-c, happyhere f7) gold. dual display (ZP-00000001229)",2126,0,0
2091,28737834-4340,Oneplus,ACE 5 Ultra 5G 12/512GB Phantom Black,24382,0,2
2092,28813322-4340,Blackview,Xplore 1 5G 12/256GB Orange ( Global Version ),17837,0,0
2093,28728525-0248,Blackview,oscal pilot 1 6/256gb black global version,9532,0,0
2094,28795811-3355,Oneplus,13R 12/256GB Astral Trail (Global Version),32519,0,0
2095,23805399-0486,Samsung,Galaxy A53 5G 6/128GB Black (SM-A536BZKN),13177,0,0
2096,23806501-0486,Cat,B30 Black,3503,0,1
2097,28982706-0199,Oukitel,"WP210 12/512Gb Red (Global Version) [NFC, 5G]",16894,0,0
2098,29357641-0087,Oneplus,12R 12/256GB Sunset Dune (Global Version),26612,0,0
2099,29314126-4340,Oukitel,IIIF150 Action A5Pro 3/256GB Fresh Green (Global Version),5104,0,0
2100,21995517-0248,Samsung,Galaxy Flip6 12/512GB Silver Shadow (SM-F741BZSH),35247,0,0
2101,23864733-5069,Nokia,"225 Dual sim Black 2.4"" TFT 1200 mAч (1833901412)",4499,0,0
2102,29633836-0199,Realme,15 5G 12/256GB Pink EU (201375),17875,0,0
2103,30165935-5227,Oppo,A6 Pro 4G 8/256GB Lunar Titanium,16667,0,0
2104,30361271-0298,Oppo,A5 (CPH2727) 6/128Gb Aurora Green UA,8791,0,0
2105,31131814-4340,Realme,C85 6/128GB Kingfisher Blue (Global Version),9388,0,0
2106,31280858-0087,Samsung,Galaxy Fold 6 12/256GB White (SM-F956BZWB),63386,0,0
2107,31280894-0087,Samsung,Galaxy S23 Ultra 5G 12/256GB Red (SM-S918N) (1sim) (Asian Version),36235,0,0
2108,31280908-0087,Samsung,Galaxy S23 5G 8/512GB Green SM-S911N (1sim) (Asian Version),28601,0,0
2109,31280842-0087,Realme,P3 Lite 4/128GB White (Global Version),6117,0,0
2110,33780094-0087,Nothing,Phone (4a) 8/128GB Black (Global Version),22042,0,0
2111,33780143-0087,Samsung,Galaxy S23 Ultra 12/512GB Lime (SM-S918N) 1 SIM (Asian Version),38709,0,0
2112,32881413-0454,Motorola,Moto G06 4/128GB Arabesque (PBA20019RS),5999,0,0
2113,31131537-0454,Oppo,A6 6/256GB (CPH2817) Sapphire Blue (QECPH2817_BLUE_6/256),11999,0,0
2114,34025571-5698,Google,Pixel 10 12/256GB Frost (esim),40885,0,0
2115,34382635-0199,Doogee,S300 Pro 16/512GB Gray (202254),24197,0,0
2116,34558138-3355,Realme,C75 8/256GB Lightning Gold Global EU [129231],10859,0,0
2117,34745680-4340,Doogee,B10 6/256GB Black (Global Version),8971,0,0
2118,34711664-3355,Realme,Note 80 4/128GB Storm Black Global [171310],7619,0,0
2119,NW21140-0248,Sigma,mobile x-style 18 track black (4827798854440) (NW21140),794,0,0
2120,NW17287-0248,Realme,c25y 4/128gb glacier blue (NW17287),5822,0,0
2121,NW27108-0248,Samsung,galaxy s21 8/128gb phantom pink (sm-g991bzidsek) (NW27108),15360,0,0
2122,107669-0192,Ulefone,Armor X5 3/32GB Black/Orange,5654,0,0
2123,TE190129J22-0087,Google,Pixel 3 XL 4/64GB Not Pink “Seller Refurbished”,14730,100,4
2124,23909271-4200,Samsung,S22 Ultra SM-S908B/DS 2SIM 8/128GB Phantom White,27782,100,3
2125,NW22964-0248,Sigma,mobile x-style 18 track red (4827798854426) (NW22964),794,0,0
2126,NW21246-0248,Ulefone,note 7 1/16gb green (NW21246),4878,0,0
2127,113039-0192,Sigma,mobile Comfort 50 HIT2020 Black,829,100,1
2128,12997485-0087,Realme,C21Y 4/64GB Black,5483,60,1
2129,NW21169-0248,Sony,xperia 1 iv 12/256gb white (NW21169),29623,0,1
2130,NW21750-0248,Samsung,galaxy s20 fe 5g sm-g781b 8/128gb cloud white,13137,0,0
2131,51461-3355,Sigma,mobile X-style 351 LIDER (Black) UA-UCRF [63478],1499,0,0
2132,TE021499-0087,Oneplus,11 16/256GB Green,30085,0,8
2133,12920484-1756,Samsung,Galaxy S20 FE 5G 6/128GB Pink,10959,0,0
2134,13282036-4340,Oukitel,WP28 8/256GB Orange (Global Version),10048,0,0
2135,14451782-0087,Samsung,Galaxy S22 Ultra 5G 12/512Gb Burgundy S9080/DS,34235,0,0
2136,14451826-0087,Samsung,Galaxy S22 Ultra 5G 12/512Gb Green S9080/DS,34235,0,0
2137,14831941-0087,Samsung,Galaxy S21 Ultra SM-G9980 16/512GB Phantom Silver,29719,0,2
2138,15295257-0087,Blackview,Shark 8 8/128GB Gold NFC (Global Version),6773,0,0
2139,15263766-0087,Samsung,Galaxy S22 Ultra SM-S908U 12/256GB Phantom White,31160,0,0
2140,15263772-0087,Tecno,Camon 18P (CH7n) 8/128Gb NFC Dusk Gray (UA UCRF),9106,0,0
2141,14917409-4340,Oukitel,IIIF150 B2 PRO 12/256GB Night Vision Sunlight ( Global ORIGINAL ),12499,0,0
2142,15544440-5069,Lg,"V20 H990N 4/64GB Gray Snapdragon 820, 16+5/8 Мп Hi-Fi DAC RFB",6679,0,0
2143,16661521-0087,Samsung,Galaxy S10+ 8/512Gb Ceramic White SM-G9750,17580,0,0
2144,16834810-1756,Samsung,Galaxy S22 Ultra 5G SM-S908U 8/128GB Phantom Black,26289,0,3
2145,19028950-0087,Samsung,Galaxy Note 20 Ultra SM-N986B/DS 5G 12/256Gb Black,23010,0,1
2146,14451892-0087,Samsung,Galaxy S21 FE 5G 6/128Gb Lavender (SM-G990BLVD),11580,0,0
2147,19165543-3025,Samsung,Galaxy S22 Ultra 2 sim 12/256 Phantom White,40500,0,0
2148,19237027-3355,Google,Pixel 9 Pro XL 16/256GB Rose Quartz (Japan Version),51719,0,0
2149,24675077-0199,Cubot,KINGKONG ES 6/128GB Black-Orange ( Global ORIGINAL ),6212,0,0
2150,19859805-0298,Sigma,X-Style 31 Power Type-C Blue,1131,0,0
2151,19859935-0298,2e,E240 2023 Black,834,0,0
2152,13282052-4340,Realme,11 Pro+ 5G 8/256Gb Astral Black (Global Version),17611,0,0
2153,21204196-0087,Samsung,Galaxy S23+ 8/256Gb Lavender (SM-S916BLID),32526,0,0
2154,15544028-5069,Nokia,"6303i Classic TFT 2.2"" 3.2мп Black оригінал",2999,0,1
2155,17042545-5069,Nokia,"6500 Black Silver 2.2"", Nokia 6500 Black , бізнес телефон",2999,0,0
2156,21690651-0087,Oneplus,13 24/1TB Black (CN),42257,0,1
2157,21690685-0087,Oneplus,9 Pro 8/256GB Stellar Black (Global Version),18816,0,0
2158,21808404-5565,Sigma,(m18547) (X-treme PK68 Black),2818,0,0
2159,22146343-5543,Blackview,BV7300 6 / 256GB з акумулятором 15000mAh чорний (51327),9826,0,0
2160,14548192-0087,Samsung,Galaxy S23 8/128Gb Lavender (SM-S911BLID),26537,0,0
2161,18003109-0248,Samsung,Galaxy S24+ 12/512Gb Onyx Black (SM-S926B/DS),40182,0,0
2162,22468591-4806,Doogee,Blade 10 Pro 6 / 256 GB black red (чорний з червоним) (16489),8881,0,0
2163,22727852-5058,Apple,iPhone 14 Pro Max 128GB Silver (Grade Q) Seller Refurbished (MQ9Q3),39069,0,0
2164,23919846-4340,Oukitel,WP200 Pro 5G 24/1024GB Green / Смарт-годинник / Навушники ( Global Version ),29332,0,1
2165,24050092-0298,Sigma,X-treme PQ57 6/256GB Black UA,11812,0,0
2166,24050104-0298,Maxcom,MM814 Type-C Green (5908235977744) UA,1206,0,0
2167,24050103-0298,Maxcom,MM814 Type-C White (5908235977751) UA,1191,0,0
2168,24674778-0199,Realme,GT 5G 8/128GB Dashing Silver (101691),19292,0,0
2169,24674859-0199,Ulefone,Armor 22 8/128gb black (101994),8828,0,0
2170,24674928-0199,Blackview,COLOR 8 8/128gb gray (121708),6103,0,0
2171,25947798-0298,Nomi,i2420 Black UA,1318,0,0
2172,24475231-4340,Blackview,BV4800 Pro 4/128GB Black ( Global Version ) (B3301),6175,0,0
2173,10669910-3355,Apple,"iPhone 14 Pro Max 256GB eSIM Deep Purple (MQ8W3) [73653] ""Seller Refurbished""",63659,0,0
2174,19707492-0248,Samsung,galaxy fold5 sm-f9460 12/256gb ice blue (NW59895),45370,0,0
2175,28731113-4340,Oukitel,WP300 5G 12/512GB Red Ліхтар / Смарт-годинник / Гарнітура для дзвінків ( Global Version ),20368,0,0
2176,28813336-4340,Unihertz,8849 TANK 4 5G 12/512GB Black NIGHT VISION + ПРОЖЕКТОР + ПРОЕКТОР (Global Version),29737,0,0
2177,28737851-4340,Oneplus,ACE 5 Ultra 5G 12/256GB Breeze Blue,20812,0,1
2178,28789015-0087,Samsung,Galaxy S23 FE 8/256Gb Purple SM-S7110 (Asian Version),23547,0,1
2179,28789055-0087,Oneplus,"11R 16/512GB Sonic Black (Global Version) [5G, NFC]",24354,0,1
2180,14917394-4340,Hotwav,Cyber ​​13 Pro 12/256GB Black (Global Version),8793,0,0
2181,24475257-4340,Oukitel,WP39 Pro 5G 12/512GB Green (Global Version) (O4233),14176,0,0
2182,29314140-4340,Ulefone,Armor X12 3/32GB Less Green (Global Version),5791,0,0
2183,23864718-5069,Huawei,"P40 lite E 4/64Gb Aurora Blue 2SIM LTE 6.39"" 1560x720 IPS Bluetooth 5.0 4000 mAh NFC GPS (1791149431)",6269,0,0
2184,23864698-5069,Samsung,"Galaxy S10+ (G975F) 8/128GB Ceramic Black 2SIM LTE 4100 mAh 6.4"" 3040x1440 522 ppi 4K UHD NFC",13499,0,0
2185,29527442-3355,Google,Pixel 10 12/128GB Indigo,39659,0,0
2186,29456933-5069,Samsung,"Galaxy S22 8/256GB Black 5G (S901B) 2 SIM 6.1"" 120 Гц 8K NFC 3700 mAh (87652182)",30009,0,1
2187,23807415-0486,Samsung,Galaxy A16 4/128GB Black (SM-A165FZKB),8898,0,0
2188,15544737-5069,Huawei,"P30 Lite 6/128 GB Midnight Black 2сим LTPS 6.15"" 8ядер 48+8+2/24мп GPS 3340mAh оригінал новий",14939,0,0
2189,23864736-5069,Sony,"Xperia XZ2 Premium Silver 5.8"" 6/64GB GPS 3540 mAh (13331)",16499,0,0
2190,29456895-5069,Samsung,"Galaxy Note 20 Ultra N986U1 12/128GB Black 2 SIM 5G 6.9"" WQHD+ 120 Гц NFC 4500 мАч S Pen (1765406425)",24449,0,0
2191,29633837-0199,Realme,15 5G 8/256GB Pink EU (201377),16894,0,0
2192,24332245-0486,Samsung,Galaxy S24 12/512GB Cobalt Violet (SM-S926BZVG) (SM-S926BZVGEUC),42192,0,0
2193,27303921-0548,Samsung,Galaxy A26 5G 6/128GB Black (SM-A266BZKB) (270613),13691,0,0
2194,24080406-0486,Samsung,Galaxy A26 5G 6/128GB White (SM-A266BZWB),14421,0,0
2195,27303924-0548,Samsung,Galaxy A26 5G 6/128GB Mint (SM-A266BLGB) (270614),13691,0,0
2196,30234094-0199,Oukitel,WP62 8/256GB Black (Global Version),11444,0,0
2197,30235926-0454,Realme,C85 6/128GB (RMX5566) Swan Black,10999,0,0
2198,30369692-0298,Realme,C85 Pro 8/128Gb Parrot Purple NFC UA,9558,0,0
2199,30356804-0199,Cubot,KingKong 6 4/64Gb Black ( Global ORIGINAL ),6103,0,0
2200,30457742-0248,Doogee,s200 ultra 12/1tb mystic black global version,21815,0,0
2201,30517496-0248,Oukitel,wp60 8/256gb жовтий глобальна версія,12063,0,0
2202,30544936-4806,Motorola,"G06 Power, Tapestry, 6.88' (1640х720, 120 Гц, LCD), MediaTek Helio G81 Extreme (8 ядер), Mali-G52 MC2, RAM 4GB, (141814)",8573,0,0
2203,24909250-1228,Motorola,Edge 60 Fusion 8/256GB Amazonite (PB7E0036RS),20014,0,0
2204,31067352-1228,Motorola,Edge 60 Pro 8/256GB Sparkling Grape (PB7X0089RS) (405510),28954,0,0
2205,27035890-5802,Google,Pixel 6 PRO 128GB Stormy Black,17499,0,0
2206,31280936-0087,Blackview,Xplore 2 Projector 16/1TB Black (Global Version),34569,0,0
2207,31280945-0087,Blackview,Oscal Marine 2 8/128GB Black (Global Version),7461,0,0
2208,31281086-0087,Oneplus,Ace 5 Pro 12/512GB Purple (Asian Version),32235,0,0
2209,31280849-0087,Sony,Xperia 5 III 8/128GB Black,24408,0,0
2210,31517586-4340,Doogee,Fire 7 Ultra 5G 8/256GB Obsidian Gold (Док-станція + Гарнітура)( Global Version ),14950,0,0
2211,32034277-0454,Oppo,A6K 4/256GB (CPH2891) Crystal Violet (QECPH2891_VIOLET_4/256),9999,0,0
2212,33959485-4340,Ulefone,Armor 27T Pro Plus 5G 12/256GB Black ТЕПЛОВІЗОР(Global Version),23324,0,2
2213,33936392-4340,Doogee,Fire 5 Ultra 8/256GB Blaze Orange (Global Version),10102,0,0
2214,34025451-5698,Oneplus,Ace 6 12/512GB Black (CN),25255,0,0
2215,34339762-0087,Google,Pixel 10a 8/256GB Fog,30365,0,0
2216,34339798-0087,Google,Pixel 10a 8/128GB Fog,25160,0,0
2217,34339830-0087,Oneplus,15 12/512GB Gold (Asian Version),42687,0,0
2218,34542847-3355,Oneplus,13T 12/512GB Gray [140289],36539,0,0
2219,33949467-5069,Samsung,"Galaxy S8 4/64GB 2SIM (SM-G950) Gold 5.8"" 8 ядер 12/8мп GPS NFC 3000 mAh Б/В (4842621358)",6899,0,0
2220,34638386-5955,Realme,"14x 5G 8/256GB Peridot Green — Екран 120 Гц, Dimensity 6300, Камера 50Мп з AI та захист IP64 (B0FPLQMJ3Q)",10799,0,0
2221,34830740-3355,Motorola,Edge 70 Pro 8/256GB Chicory Coffee (PBC20086RS) UA-UCRF [172486],31319,0,0
2222,12992463-0192,Sigma,mobile X-style 18 Track Black/Grey,659,0,0
2223,17208135-0087,Oneplus,Ace 3V 12/512GB Magic Purple,20752,100,19
2224,19143381-4340,Fossibot,F105 4/64GB Blue ( Global Version ),6002,100,1
2225,24674781-0199,Cubot,P80 8/256GB Ocean Blue (101699),7084,100,1
2226,NW21775-0248,Sony,xperia 1 iii 12/512gb purple,32094,0,0
2227,15544775-5069,Samsung,"Galaxy S9 SM-G960 4/64GB Black Dual sim (SM-G960FD) 2сим Super AMOLED 5.8"" 8ядер 12мп.",14999,20,1
2228,TE210409EK04-0087,Samsung,Galaxy S20 FE SM-G780F 6/128GB Cloud Navy (221879),15203,0,0
2229,TE211028EK71-0087,Google,Pixel 5a 5G 128GB Black “Seller Refurbished”,13386,0,0
2230,TE211118EK86-0087,Samsung,Galaxy S20 FE 5G SM-G781B 6/128GB Cloud White,14139,0,0
2231,13330092-0087,Samsung,Galaxy S10+ SM-G975 DS 1TB Ceramic White,20795,0,0
2232,14221959-0087,Hotwav,Cyber ​​13 Pro 12/256GB Orange NFC (Global Version),9859,0,2
2233,13330129-0087,Samsung,Galaxy S22 Ultra SM-S908U 12/512Gb Phantom Black (USA Version),32354,0,0
2234,14448069-0087,Oneplus,Ace 2V 12/256GB Green (Asian Version),17956,0,0
2235,14546135-1756,Samsung,Galaxy S20 Ultra 5G SM-G9880m12/256GB Cosmic Black,19390,0,0
2236,14546147-1756,Samsung,Galaxy S20 FE SM-G780F 6/128GB Orange,10390,0,0
2237,14548177-0087,Samsung,Galaxy S21+ 5G 8/256Gb Phantom Black SM-G9960,20805,0,0
2238,14912288-4820,Sony,Xperia 10 IV 6/128GB Lavender,19799,0,0
2239,NW23397-0248,Cat,S42 H+ Black (239962),5618,0,0
2240,15263786-0087,Sigma,Comfort 50 CF212 Grace Black UA UCRF,1397,0,1
2241,16661526-0087,Oneplus,Ace 3 12/256GB Blue,20967,0,5
2242,17141626-4340,Blackview,BV5300 Pro 4/64Gb Green ( Global Version ),11900,0,0
2243,18527801-1756,Samsung,Galaxy S21 Ultra 5G SM-G998U 12/128GB Phantom Black,20289,0,0
2244,14451786-0087,Samsung,Galaxy S21 FE 6/128Gb Olive (G990B/DS),11580,0,0
2245,19028951-0087,Samsung,Galaxy S20 5G 8/128Gb SM-G981U Grey 1 sim (USA Version),13010,0,0
2246,19143391-4340,Oukitel,C37 6/256GB Black ( Global Version ),10000,0,0
2247,18248007-4340,Cubot,X90 16/256GB Global NFC Green ( Global Version ),15000,0,0
2248,19472102-4340,Unihertz,TANK 3S 12/256GB Black NIGHT VISION + ПРОЕКТОР + 2 ПРОЖЕКТОРА ( Global ORIGINAL ),25346,0,0
2249,19859807-0298,Sigma,X-Style 310 Force Black,1181,0,0
2250,19859874-0298,Ulefone,Armor 23 Ultra 12/512Gb Elite Black Global version,17819,0,0
2251,19859792-0298,Sigma,Comfort 50 CF113 HIT2020 Black (UA UCRF),790,0,0
2252,21004773-0087,Google,Pixel 9 Pro XL 16/256GB Rose,45805,0,0
2253,21004781-0087,Meizu,Note 21 4/256GB Blue (Global Version),8698,0,0
2254,21204201-0087,Samsung,Galaxy S23 Ultra 12/512Gb Cream (SM-S918BZEH),42633,0,3
2255,21614157-0087,Google,Pixel 9 Pro 16/256Gb Hazel (Global Version),50848,0,0
2256,21990995-0087,Samsung,Galaxy Fold 5 12/256Gb Icy Blue SM-F946B,51053,0,0
2257,21991034-0087,Oneplus,13 24/1TB Blue (Asian Version),42257,0,0
2258,22147571-5058,Iphone,"14 Pro Max 128GB Gold,Model A2894 (Grade A) Seller Refurbished (MQ9R3)",37119,0,2
2259,22468254-4806,Sigma,Х-treme PQ58 чорний (51488),15128,0,0
2260,22161701-4340,Oukitel,G2 4/64GB Black ( Global Version ),6436,0,0
2261,20753968-5543,Nokia,2660 Flip DS чорний (39334),3484,0,0
2262,22613169-0087,Samsung,Galaxy S20 FE 6/128Gb Cloud Mint (SM-G780F),10418,0,0
2263,18036838-4806,Sigma,mobile X-treme PR68 чорний протиударний захищений (15160),2861,0,0
2264,15544206-5069,Nokia,"E52 Silver 2.4"" 3.2 Мп 1500 мАг 3G GPS, Nokia E52",4499,0,1
2265,23908364-0087,Coolpad,Cool 30 Play 8/256Gb Golden (Global Version),6967,0,0
2266,23908365-0087,Coolpad,Cool 30 Play 8/256Gb black,6967,0,0
2267,23909224-4200,Samsung,S20 5G 8/128Gb SM-G981U White (1SIM),12403,0,0
2268,23919844-4340,Oukitel,WP200 Pro 5G 24/1024GB Slate Gray / Смарт-годинник / Навушники ( Global Version ),29332,0,1
2269,28794750-0486,Oneplus,13 16/512GB Midnight Ocean (Global Version),35811,0,1
2270,24570098-4806,Sigma,mobile X-treme PV68 чорний-оранжевий (16967),1921,0,0
2271,24674724-0199,Realme,10 8/256gb White Global Verison NFC (101496),10681,0,0
2272,24674935-0199,Realme,12 Pro 5G 8/256GB Navigator Beige (глобальна версія) (121730),14714,0,0
2273,24675287-0199,Oukitel,WP200 Pro 24/1TB Green (10021688),24742,0,0
2274,24674804-0199,Cubot,X70 12/256Gb Tech Black (Global ORIGINAL),9591,0,0
2275,24674811-0199,Blackview,BV8900 8/256gb Green (101862),12316,0,0
2276,24719882-0087,Sharp,Aquos Sense 8 5G 8/256GB Gold,26074,0,0
2277,25748123-5787,Sigma,Comfort 50 Optima Type-C Red (4827798122327) (brn_4827798122327),2368,0,0
2278,25947816-0298,Maxcom,MM920 Black UA,1811,0,0
2279,25806361-5543,Doogee,S119 8/512Gb 5G Night Vision (камера з нічним баченням) сріблястий (52205),12299,0,0
2280,26754747-0087,Samsung,Galaxy S23+ 8/512Gb Phantom Black S916N (1sim+eSIM),30257,0,1
2281,27573188-0782,Oppo,A5 6/128GB (aurora green),10097,0,0
2282,27351268-4806,Nokia,230 2024 Dual Sim (2 сим карти) чорний (77333),6550,0,0
2283,27691153-0153,Google,Pixel 8a 8/128GB Aloe,18999,0,0
2284,27840501-3355,Oneplus,Ace 5 16/1TB Green [143722],34679,0,0
2285,20199596-0248,Google,pixel 9 12/256gb peony (NW60371),37712,0,0
2286,10670135-3355,Apple,"iPhone 14 Pro Max 1TB eSIM Space Black (MQ923) [73652] ""Seller Refurbished""",74339,0,0
2287,28663021-0087,Oneplus,Ace 2V 16/256GB Black (Asian Version),18698,0,0
2288,28662927-0087,Samsung,Galaxy S23 8/128GB Green SM-S9110 (Asian Version),25805,0,1
2289,30945784-3355,Samsung,Galaxy Fold5 12/512GB Cream (SM-F946BZEC) [92272],62039,0,0
2290,21175689-0548,Oneplus,13 16/512GB White (Asian Version),32348,0,0
2291,28812104-0199,Cubot,A40 4/256GB Gray (Global Version),5885,0,0
2292,28789084-0087,Oukitel,G3 4/256Gb Black (Global Version) NFC,6977,0,0
2293,28789089-0087,Blackview,Oscal Marine 2 4/64Gb Black (Global Version) NFC,6709,0,0
2294,23806273-0486,Samsung,Galaxy S9+ SM-G965 DS 64GB Purple (SM-G965FZPD),21007,0,0
2295,28922483-3355,Infinix,GT 30 8/256GB Blade White [147449],16259,0,0
2296,29186777-0087,Oukitel,WP23 Plus 8/256Gb Black (Global Version) NFC,8762,0,0
2297,29314102-4340,Ulefone,Armor 29 Pro 5G 16/512GB Marvel Black Night Vision (Global Version),26702,0,0
2298,29535932-0087,Samsung,Galaxy S23+ 8/512GB Green (SM-S916BZGG),38149,0,1
2299,28895519-0789,Samsung,Galaxy A16 LTE 4/128Gb Light Green (SM-A165FLGBEUC) (842241-01),9305,0,0
2300,23864895-5069,Samsung,"Galaxy A12 3/32Gb Black (SM-A127F), 2 SIM 6.5"" Exynos 850 NFC 5000 мАч (87652121)",7499,0,0
2301,23864997-5069,Samsung,"Galaxy A12 4/64Gb Black (SM-A127F), 2 SIM 6.5"" Exynos 850 NFC 5000 мАч (87652127)",8259,0,0
2302,23864843-5069,Huawei,"P40 Lite 2020 6/128GB Crush green 2 SIM LTE NFC GPS 6.4"" 2310x1080 IPS Bluetooth 5.0 4200 mAh (1791149434)",12009,0,0
2303,29527433-3355,Google,Pixel 10 12/128GB Frost,39179,0,0
2304,23864935-5069,Lg,"G7 ThinQ G710 4/64GB Blue 6.1"" 3120x1440 IPS 1SIM 16 Мп + 16 Мп Type-C 3000 mAh (234876232)",6299,0,0
2305,29303924-5058,Apple,iPhone 15 256 GB Blue (Grade A) Seller Refurbished (MTP93),37959,0,0
2306,29557661-0199,Ulefone,Armor 29 Ultra 16/1Tb Black,38585,0,0
2307,7528558-0548,Samsung,Galaxy Fold3 5G 12/512 Phantom Silver (SM-F926BZSG),38614,0,0
2308,23805720-0486,Samsung,Galaxy S24 8/256GB Cobalt Violet (SM-S921BZVG) (SM-S921BZVGEUC),29842,0,0
2309,23806793-0486,Samsung,Galaxy S24 SM-S9210 8/256GB Onyx Black,30657,0,0
2310,29415473-0486,Google,Pixel 10 Pro 16/128GB Obsidian (GA09601-GB),42997,0,0
2311,27189616-0548,Zte,RedMagic 10 Pro 16/512GB Dusk (Global Version),48662,0,0
2312,24080395-0486,Samsung,Galaxy A56 5G 8/128GB Awesome Light Gray (SM-A566BZAA),19350,0,0
2313,15292592-5069,Sony,"Xperia XZ2 Premium Black 5.8"" 6/64GB GPS 3540 mAh (1835171019)",13499,0,0
2314,30148605-0087,Blackview,Oscal Tank 1 16/512GB Black (Global Version),25106,0,0
2315,30146416-0199,Oukitel,P1 Pro 4/256GB Purple (Global Version),8501,0,0
2316,30148637-0087,Oneplus,Ace 2V 16/256GB Green (CN),18698,0,0
2317,30380892-0248,Realme,c85 pro 8/128gb (rmx5555) пір'я зелений,9956,0,0
2318,30361241-0298,Infinix,Hot 60i 8/256Gb Shadow Blue UA,8138,0,0
2319,30303406-3355,Oneplus,Ace 6 16/256GB White CN (no OTA) [153855],28679,0,0
2320,30361294-0298,Oukitel,WP100 5G 12/512Gb Black EU,21119,0,0
2321,30457789-0248,Motorola,moto edge 70 12/512gb lily pad (pba50025rs),28523,0,0
2322,30517486-0248,Oukitel,wp55 s 8/256gb чорна глобальна версія,8686,0,0
2323,31067132-1228,Motorola,Edge 60 Pro 8/256GB Shadow (Green) (PB7X0088RS) (406938),28870,0,0
2324,31280802-0087,Oukitel,WP58 Pro 8/256GB Black (Global Version) NFC,9644,0,0
2325,31280882-0087,Blackview,Xplore 1 Pro 16/512GB Black (Global Version),29235,0,0
2326,31517587-4340,Blackview,OSCAL PILOT 5 5G 8/256GB Black-Yellow (Global Version),14409,0,0
2327,31653972-0087,Samsung,Galaxy S23+ 8/256GB Green (SM-S916N) (1sim+eSIM),28354,0,0
2328,31961832-0087,Ulefone,Armor 34 Pro Plus 16/512GB Black (Global Version),30526,0,0
2329,33137054-0087,Google,Pixel 10 Pro XL 16/256Gb Porcelain,53655,0,0
2330,33780115-0087,Samsung,Galaxy S22 Ultra 12/512GB Burgundy (SM-S908N) 1 SIM (USA Version),32945,0,0
2331,33172866-5058,Apple,iPhone 14 Pro 1 TB Deep Purple (Grade B) Seller Refurbished (MQ303),41379,0,0
2332,31517529-0454,Oppo,Reno15 FS 8/512GB Aurora Blue,21499,0,0
2333,34006298-5698,Nothing,Phone (4a) 12/256GB Blue,23073,0,0
2334,34007244-5698,Motorola,Moto G06 4G 4/256GB Tendril (PBA20001),7389,0,0
2335,34025629-5698,Oneplus,15 16/1TB Purple (CN),47458,0,0
2336,34025453-5698,Oneplus,Ace 6 12/256GB Silver (CN),23071,0,0
2337,34110567-0199,Oukitel,WP62 12/512GB Silver (202100),12970,0,0
2338,34018904-3355,Nothing,Phone (4a) 8/256GB White [166009],27119,0,0
2339,34874887-5069,Samsung,Galaxy S20+ 5G 12/128Gb Red Б/В,10419,0,0
2340,34874892-5069,Samsung,Galaxy S20+ 5G 12/128Gb black Б/В,10419,0,0
2341,NW26514-0248,Samsung,galaxy s23+ 8/512gb phantom black (sm-s916bzkg),34995,0,0
2342,NW26512-0248,Samsung,galaxy s23 ultra 12/512gb green (sm-s918bzgh),38947,0,0
2343,NW26515-0248,Samsung,galaxy s23+ 8/512gb green (sm-s916bzgg),34995,0,0
2344,NW27578-0248,Samsung,galaxy s23 8/128gb lavender (sm-s911blid),24338,0,1
2345,NW26510-0248,Samsung,galaxy s23 8/256gb green (sm-s911bzgg),26906,0,0
2346,NW26509-0248,Samsung,galaxy s23 8/256gb phantom black (sm-s911bzkg),28932,0,0
2347,NW27577-0248,Samsung,galaxy s23 8/128gb green (sm-s911bzgd),24338,0,2
2348,15295247-0087,Cubot,KingKong 8 6/256GB Black NFC,8816,80,3
2349,52982-3355,Tecno,Camon 18P CH7n 8/128Gb NFC Ceramic White (4895180775130) UA-UCRF [64662],9839,0,0
2350,52983-3355,Tecno,Camon 18P CH7n 8/128Gb NFC Dusk Grey (4895180775123) UA-UCRF [64663],10199,0,0
2351,TE190129J18-0087,Google,Pixel 3 4/64GB Clearly White “Seller Refurbished”,9106,0,11
2352,11224400-0153,Google,Pixel 6a 6/128GB Chalk (237667),11999,0,5
2353,1372837710-4340,Ulefone,Armor X8 4/64Gb Black ( Global ORIGINAL ),6413,0,0
2354,1623254252-4340,Cubot,P50 6/128GB NFC Black ( Global ORIGINAL ),6758,0,0
2355,1675949780-4340,Oukitel,C31 3/16GB Dark Blue ( Global ORIGINAL ),4952,0,0
2356,1373863331-4340,Ulefone,Armor 8 4/64Gb Black ( Global ORIGINAL ),7139,0,0
2357,1675966070-4340,Oukitel,C31 3/16GB Purple ( Global ORIGINAL ),4952,0,0
2358,1872710042-1756,Google,Pixel 6 Pro 12/128GB Stormy Black,15199,0,1
2359,14121952-0087,Unihertz,Tank 8/256Gb Black,18106,0,0
2360,14121967-0087,Samsung,Galaxy Note 20 Ultra 5G 12/256Gb Mystic Bronze SM-N986N (Korea) 1sim,23601,0,0
2361,14451888-0087,Samsung,Galaxy S21 SM-G9910 8/256Gb Phantom Gray,18870,0,0
2362,15051003-0087,Samsung,Galaxy S22 Ultra 5G 8/128GB SM-S908U Phantom White,27601,0,1
2363,15292591-5069,Sony,"Xperia XZ3 4/64 Gb SO-01L Black,19/13 Мп, 1Sim, NFC, 6"" OLED, Snapdragon 845, 4G, 3330 мАh, 12 міс.",11999,0,1
2364,15733525-4340,Blackview,Oscal Tiger 12 12/256GB Blue (Global Version),7853,0,1
2365,15292583-5069,Sony,Xperia XZ F8332 Dual 3/32 GB 23мп 2900 мА·год Mineral Black,5999,0,0
2366,15292581-5069,Sony,"Xperia XZ F8332 Dual IPS 5.2"" 3/32 GB 23мп 2900 мА·год Mineral Black",8919,0,0
2367,16034207-0087,Zte,Axon 30 Ultra 8/128Gb Black,23494,0,0
2368,16737249-0087,Apple,iPhone 12 128Gb Blue Seller Refurbished,23278,0,1
2369,16661536-0087,Samsung,"Galaxy Note 10 5G 12/256Gb Aura Glow (SM-N971N) [1sim, Exynos]",16504,0,0
2370,16834834-1756,Samsung,Galaxy S20 FE SM-G780F 6/128GB Pink,10289,0,0
2371,16834831-1756,Samsung,Galaxy S20 FE SM-G780F 6/128GB Orange,10289,0,0
2372,17141645-4340,Blackview,BL9000 PRO 5G 12/512GB ТЕПЛОВИЗОР Gold ( Global Version ),24156,0,1
2373,17141648-4340,Fossibot,F101 4/64GB Orange ( Global Version ),5592,0,0
2374,17574278-0782,Realme,12 Plus 5G 8/256GB Pioneer Green,17402,0,0
2375,19054842-0087,Samsung,Galaxy S22 5G 8/256Gb Graphite (SM-S9010) [2 sim] (Asian Version),20795,0,0
2376,19472094-4340,Unihertz,TANK 3S 16/512GB Black NIGHT VISION + ПРОЕКТОР + 2 ПРОЖЕКТОРА ( Global ORIGINAL ),29630,0,0
2377,19859796-0298,Sigma,Comfort 50 CF211 OPTIMA Type-C Red,1398,0,1
2378,19859808-0298,Sigma,X-Style 351 Lider Black,1153,0,0
2379,19902019-4340,Oukitel,IIIF150 B3 8/256GB Obsidian Black (Global Version),10000,0,0
2380,19902022-4340,Doogee,N50S 4/128GB Electric Blue (Global Version),5473,0,0
2381,19885514-0087,Samsung,Galaxy Note 20 Ultra 5G 12/256Gb Mystic White (SM-N9860),25913,0,0
2382,19859877-0298,Ulefone,ARMOR X13 6/64Gb Black Global version,7608,0,0
2383,19885555-0087,Samsung,Galaxy S9+ 6/64Gb Blue (SM-G9650) (SnapDragon),11709,0,0
2384,21116817-0087,Google,Pixel 8 8/128Gb Mint,20644,0,2
2385,21116836-0087,Oneplus,Ace 3 Pro 12/256GB Grey (Asian Version),24408,0,1
2386,21222024-0087,Oukitel,IIIF150 B3 Pro 5G 16/512GB Sandstone Purple (Global Version),12881,0,1
2387,15544197-5069,Samsung,"Galaxy S8 Duos 2SIM (G950FD) 5.8"" 4/64 GB 12 Мп GPS Bluetooth 5.0 Black",8999,0,1
2388,21476554-0087,Oneplus,13 12/512GB White (Asian Version),34891,0,2
2389,21236307-4340,Doogee,V40 5G 12/512GB Midnight Silver Night Vision Camera (Global Version),14041,0,1
2390,21568550-3355,Samsung,Galaxy A16 4/128GB Gray (SM-A165FZABEUC) UA-UCRF [124979],9659,0,1
2391,21568554-3355,Samsung,Galaxy A16 4/128GB Light Green (SM-A165FLGBEUC) UA-UCRF [124980],9659,0,0
2392,22146379-5543,Blackview,Oscal Tiger 13 8 / 256Gb DS Violet Blue (блакитний) NFC 6931548318767 (51352),7633,0,0
2393,22161707-4340,Blackview,Oscal PILOT 1 6/256GB Black ( Global Version ),9400,0,1
2394,22613205-0087,Samsung,Galaxy S22 Ultra 5G 8/128Gb White (SM-S908E) (1sim+eSIM),28601,0,0
2395,22613177-0087,Samsung,Galaxy S20 FE SM-G780F 6/128Gb White (SM-G780FZWD),10418,0,0
2396,22613184-0087,Samsung,Galaxy S22 Ultra 5G 12/256Gb Graphite S9080/DS,31332,0,2
2397,22634538-0087,Samsung,Galaxy S23+ 8/512GB S916B/DS Lavender,38149,0,0
2398,23908373-0087,Sigma,mobile X-treme PV68 Black-Orange (UA UCRF),1655,0,0
2399,24050094-0298,Sigma,X-treme PQ58 12/256GB Black UA,13187,0,0
2400,24050114-0298,Nokia,110 DS Charcoal UA,1214,0,0
2401,24675292-0199,Infinix,Tecno Spark 8 4/64GB Green (10021696),6430,0,0
2402,24674693-0199,Blackview,a95 8/128gb blue (101388),6321,0,0
2403,24675221-0199,Realme,C21Y 3/32GB Cross Blue (глоабальна версія) (1217475),5013,0,0
2404,24675062-0199,Oscal,TIGER 10 3/128gb Gray (1217236),5340,0,0
2405,24675112-0199,Meizu,Note 21 M411H 4/256GB White EU (1217318),8065,0,0
2406,24719860-0087,Google,Pixel 9a 8/128GB Peony,22472,0,0
2407,24719918-0087,Samsung,Galaxy S21+ 8/128GB Phantom Red (SM-G9960),17472,0,0
2408,26754837-0087,Samsung,Galaxy S23+ 8/512Gb Lime S916N (1sim+eSIM),30257,0,0
2409,26677547-5543,Nomi,i2841 (чорний) (52362),989,0,0
2410,27049613-4673,Motorola,G86 8/256GB Cosmic Sky (PB7L0090RS),13850,0,0
2411,26575765-0782,Motorola,Edge 60 Fusion 8/256GB Amazonite (PB7E0036RS),15892,0,1
2412,25947788-0298,Sigma,Comfort 50 CF113 HIT2020 Red UA,770,0,0
2413,24475264-4340,Fossibot,F112 PRO 5G 8/256GB Obsidian Black ( Global Version ) (O4227),9876,0,0
2414,24475245-4340,Oukitel,WP55 Pro 5G 16/512GB Red ( Global Version ) (O4236),15440,0,0
2415,27573197-0782,Infinix,Hot 60i 8/256Gb Sleek Black (4894947093746),9556,0,0
2416,27573206-0782,Oppo,A5 8/256GB (mist white),11549,0,0
2417,27840505-3355,Oneplus,Ace 5 16/1TB White [143723],34679,0,0
2418,10669684-3355,Apple,"iPhone 13 128GB Blue (MLPK3) [60206] ""Seller Refurbished""",30119,0,1
2419,14220317-3355,Apple,"iPhone 15 256GB Pink (MTP73) [92579] ""Seller Refurbished""",48299,0,0
2420,10672701-3355,Apple,"iPhone 14 Pro Max 512GB Space Black (MQAF3) [72499] ""Seller Refurbished""",70439,0,0
2421,28663015-0087,Samsung,Galaxy S20 FE 5G 8/256GB Cloud Red (SM-G7810) (Asian Version),15805,0,0
2422,28663041-0087,Motorola,Moto G86 5G 8/256GB Spellbound (PB7L0101RS) (UA UCRF),12977,0,0
2423,28663078-0087,Google,Pixel 8a 8/256GB Bay,26289,0,0
2424,28663093-0087,Oneplus,"11 16/512GB Green (Global Version) [5G, NFC]",34676,0,0
2425,28662932-0087,Samsung,Galaxy S23 8/256GB Green SM-S9110 2 SIM (Asian Version),28891,0,0
2426,7729227-0248,Samsung,galaxy fold4 12/256gb beige (sm-f936bzeb) (NW21737),38700,0,0
2427,15590143-0248,Honor,90 8/256GB Black (Global Version),18638,0,0
2428,22327900-0248,Honor,Magic6 Pro 16/1TB Black (Global Version),47592,0,0
2429,21693666-0548,Realme,C75 8/256GB Storm Black,9404,0,0
2430,14917424-4340,Hotwav,Cyber ​​13 Pro 12/256GB Orange (Global Version),8793,0,0
2431,27389221-4820,Realme,12 Pro 5G 8/256GB Submariner Синій (1566) (66d05f723d19580ab219aa59),15974,0,0
2432,28813309-0454,Motorola,Moto G06 4/256GB Tapestry (UA UCRF),6799,0,0
2433,28789012-0087,Blackview,BV4800 SE 4/64Gb Black,5859,0,0
2434,28789117-0087,Samsung,Galaxy S23 Ultra 12/512GB Graphite (SM-S918BZAH),42633,0,0
2435,28789042-0087,Oukitel,WP53 Pro 8/256Gb Black (Global Version),9192,0,0
2436,23805816-0486,Samsung,Galaxy A02 2/32GB Black (SM-A022GZKB),5476,0,0
2437,23807470-0486,Motorola,Moto G55 8/256GB Forest Gray (PB5U0009RS),11487,0,0
2438,28838568-4673,Sigma,X-style 171 MINI Track Black-Green (4827798813720),573,0,0
2439,28925772-4340,Ulefone,Armor 33 Pro 5G 16/512GB Black Night Vision (Global Version),22835,0,0
2440,29186805-0087,Cubot,X100 8/256GB Black (Global Version),9537,0,0
2441,29357734-0087,Oppo,A5 Pro 4G 8/256GB Olive Green (UA UCRF) NFC (with charger),11612,0,0
2442,29314111-4340,Oukitel,IIIF150 Action A5Pro 3/256GB Serene Blue (Global Version),5104,0,0
2443,29314119-4340,Ulefone,Armor 29 Pro 5G 16/512GB Marvel Black ТЕПЛОВИЗОР Night Vision (Global Version),33783,0,0
2444,29535916-0087,Samsung,Galaxy S23 8/256GB Cream (SM-S911BZEG),29451,0,0
2445,29535928-0087,Samsung,Galaxy S23+ 8/512GB Green (SM-S9160) (Asian Version),36741,0,0
2446,25094679-5731,Samsung,Galaxy Xcover7 6/128Gb Black (SM-G556BZKDEUC) (775074-01-5731),15954,0,0
2447,28872560-0789,Samsung,Galaxy Xcover7 6/128Gb Black (SM-G556BZKDEUC) (775074-01),16352,0,0
2448,23864899-5069,Samsung,"Galaxy A12 3/32Gb Blue (SM-A127F), 2 SIM 6.5"" Exynos 850 NFC 5000 мАч (87652123)",7499,0,0
2449,23864900-5069,Samsung,"Galaxy A12 3/32Gb Red (SM-A127F), 2 SIM 6.5"" Exynos 850 NFC 5000 мАч (87652125)",7499,0,0
2450,29526372-0248,Motorola,"g06 power, tapestry, 6.88"" (1640х720, 120 гц, lcd), mediatek helio g81 extreme (8 ядер), mali-g52 mc2, ram 4gb, rom 256gb, microsd (до 1 тб), nfc, wifi, bluetooth, 50mp + 8mp, 7000 mah, android 15 (pba00000ua)",7490,0,0
2451,29144251-0454,Oppo,A6 Pro 4G 8/256GB Lunar Titanium,15555,0,0
2452,24045858-0248,Samsung,galaxy a36 5g 6/128gb awesome lime (sm-a366blgbeuc) ua ucrf (MO-94969),14522,0,0
2453,19662215-0548,Unihertz,Tank 3 Pro 16/512GB Black [106296],31267,0,0
2454,23806790-0486,Samsung,Galaxy Fold5 SM-F9460 12/512GB Ice Blue,64414,0,0
2455,23805958-0486,Huawei,Nova 10 8/128GB Black,19074,0,0
2456,23806380-0486,Samsung,Galaxy A70 2019 SM-A705F 6/128GB Coral,8601,0,0
2457,27303922-0548,Samsung,Galaxy A26 5G 8/256GB Black (SM-A266BZKC) (270618),16269,0,0
2458,27303931-0548,Samsung,Galaxy A36 5G 6/128GB Awesome Lavender (SM-A366BLVB) (270623),14464,0,0
2459,29684067-0486,Google,Pixel 10 Pro XL 16/512GB Moonstone,55896,0,0
2460,29790399-0782,Infinix,GT 30 8/256Gb Blade White (4894947101083),15265,0,0
2461,30147571-4340,Oukitel,WP60 5G 16/512GB Silver (Global Version),21916,0,0
2462,30223162-5802,Samsung,Galaxy S23 5G 8/256GB Phantom Cream (SM-S911B\DS),31999,0,0
2463,30343020-0298,Google,Pixel 7 8/128Gb Obsidsan No Adapter EU,15641,0,0
2464,30361247-0298,Infinix,Smart 10 4/128Gb Sleek Black UA,4948,0,0
2465,30361309-0298,Oukitel,WP56 8/256Gb Black EU,11955,0,0
2466,30361317-0298,Oukitel,WP62 8/256Gb Black EU,11145,0,0
2467,31131803-4340,Oukitel,WP60 5G 12/512GB Black (Global Version),15933,0,1
2468,27035889-5802,Google,Pixel 6 PRO Cloudy White (128Gb),17499,0,0
2469,31281111-0087,Samsung,Galaxy S23 Ultra 5G 12/256GB Cream (SM-S918N) (1sim) (Asian Version),36235,0,0
2470,31281031-0087,Samsung,Galaxy S23 5G 8/512GB Lime SM-S911N (1sim) (Asian Version),28601,0,0
2471,31280911-0087,Samsung,Galaxy S22+ 8/256GB Green (SM-S906U) (1sim) USA Version,22687,0,0
2472,31517591-4340,Blackview,OSCAL PILOT 5 5G 8/256GB Black (Global Version),14409,0,0
2473,31517595-4340,Blackview,Oscal Tiger 8 5G 4/128GB Platinum Black (Global Version),6887,0,0
2474,31517608-4340,Blackview,Xplore 1 WT 5G 16/512GB Orange РАЦІЯ (Global Version),23206,0,0
2475,31653837-0087,Samsung,Galaxy S23 Ultra 5G 12/1TB Green (SM-S918N) (1sim+eSIM),43805,0,0
2476,31961871-0087,Oneplus,12 24/1TB Flowy Emerald (India Version) no eSIM,45687,0,0
2477,31961877-0087,Samsung,Galaxy S23 Ultra 5G 12/512GB Cream (SM-S918N) (1sim+eSIM) Asian Version,38709,0,0
2478,32411149-0153,Google,Pixel 9 Pro 16/128GB Porcelain,36999,0,0
2479,33936386-4340,Doogee,S300 PLUS 5G 12/1024GB Stealth Black Night Vision + ТЕПЛОВІЗОР (Global Version),38067,0,0
2480,34006483-5698,Motorola,Moto G06 Power 4/256GB Laurel Oak (PBA00001),7511,0,0
2481,34025567-5698,Google,Pixel 10 Pro 16/128GB Porcelain (esim),43919,0,0
2482,34025450-5698,Oneplus,Ace 6 16/512GB Black (CN),28934,0,0
2483,34025299-5698,Oneplus,15 16/512GB Purple (CN),41657,0,0
2484,34339817-0087,Google,Pixel 8 Pro 12/1TB Bay,45752,0,0
2485,34555782-5058,Apple,iPhone 16 Plus 128 GB Ultramarine (Grade A) Seller Refurbished (MXVX3),43149,0,0
2486,33994181-3355,Oneplus,13s 12/256GB Pink Satin Global [166088],35999,0,0
2487,34745682-4340,Oukitel,WP66 5G 12/512GB Black (Global Version),18075,0,0
2488,34874827-5069,Samsung,Galaxy S20 Plus G986B/DS 5G 12/128GB Black,13499,0,0
2489,29357715-0087,Google,Pixel 10 Pro XL 16/256GB Jade,53655,100,1
2490,30922221-0454,Oppo,Reno15 8/512Gb (CPH2825) Twilight Black,26999,100,2
2491,TE200515EK03-0087,Ulefone,Note 7 1/16Gb Green,5149,0,0
2492,1553159370-4340,Blackview,OSCAL S60 3/16Gb Orange ( Global ORIGINAL ),5711,0,0
2493,NW23870-0248,Samsung,galaxy s21+ 8/128gb phantom black (sm-g996bzkdsek),16348,0,0
2494,NW27270-0248,Samsung,galaxy s23+ 8/256gb lavender (sm-s916blid),29623,0,0
2495,NW19886-0248,Oneplus,10T 5G 16/256GB Jade Green,23696,0,0
2496,1762575926-4340,Oukitel,C31 PRO 4/64GB Black ( Global ORIGINAL ),5339,0,0
2497,1623327768-4340,Cubot,P50 6/128GB NFC Green ( Global ORIGINAL ),6758,0,0
2498,1830099354-1756,Samsung,Galaxy S20 Ultra SM-G988U 12/128GB Grey,19999,0,0
2499,13281910-4340,Hotwav,Cyber ​​8 4/64GB Red (Global ORIGINAL),6952,0,0
2500,12738123-0087,Oneplus,11 12/256GB Green,28924,0,0
2501,14121942-0087,Oppo,A95 8/128Gb Black,16816,0,0
2502,14546134-1756,Samsung,"Galaxy S20+ 5G SM-G986U 12/128GB Gray ""Seller Refurbished""",14390,0,0
2503,14831942-0087,Samsung,Galaxy S21 Ultra SM-G9980 12/256GB Phantom Black,22139,0,8
2504,27065024-0153,Google,Pixel 8 8/256GB Obsidian,23999,0,0
2505,15292586-5069,Sony,"Xperia Z5 Premium E6853 Black IPS 5.5"" 8ядер 3/32gb 23мп GPS 3430 mAh.",9599,0,2
2506,15705675-0087,Cat,S62 Pro 6/128Gb Black,22558,0,0
2507,20752628-5543,Sigma,mobile X-style 18 Track чорно-червоний (95133),804,0,0
2508,16044924-4340,Blackview,BL9000 5G 12/512GB Gold (Global Version),29750,0,0
2509,19703548-0248,Samsung,Galaxy S22 Ultra 12/256Gb Phantom White (SM-S908BZWG),30117,0,0
2510,16834812-1756,Samsung,Galaxy S21 Ultra 5G SM-G998B 12/128GB Phantom Black,22289,0,3
2511,17208100-0087,Doogee,N50S 4/128Gb Electric Blue (Global Version),6074,0,0
2512,17141650-4340,Doogee,DK10 12/512GB Green ( Global Version ),20000,0,0
2513,15544441-5069,Lg,"V40 ThinQ V405EBW 6/128GB Aurora Black 2сим P-OLED 6.4"" 8ядер 12Мп+16Мп+12Мп 3300mAh.",11549,0,0
2514,19054893-0087,Samsung,Galaxy S22 5G 8/256Gb Violet (SM-S901N) [1 sim] (Asian Version),20149,0,0
2515,19054913-0087,Samsung,Galaxy S22 5G 8/256Gb Violet (SM-S9010) [2 sim] (Asian Version),20795,0,0
2516,19120621-0087,Samsung,Galaxy S21 FE 5G 6/128Gb G990U1 Violet (USA Version),15590,0,0
2517,19170859-4925,Sigma,mobile Comfort 50 Shell DUO Type-C Red-Black (4827798212516),1404,0,0
2518,20791801-0248,Ulefone,Armor 27 Pro 12/256GB Black (Global Version),15692,0,0
2519,19859795-0298,Sigma,Comfort 50 Grace CF212 Red,1203,0,0
2520,21204188-0087,Samsung,Galaxy S23 Ultra 12/256Gb Lavender (SM-S9180),40956,0,0
2521,21204211-0087,Samsung,Galaxy S23 Ultra 8/256Gb Lavender (SM-S918BLID),39827,0,3
2522,20978626-4340,Doogee,V40 5G 16/512GB Black Night Vision Camera (Global Version),20239,0,1
2523,21636039-0087,Samsung,Galaxy S23+ 8/256Gb Green (SM-S9160),32257,0,0
2524,21690643-0087,Oneplus,13 24/1TB White (CN),42257,0,1
2525,21991009-0087,Samsung,Galaxy Note 20 Ultra 12/256GB Mystic White (SM-N986N) 1Sim (Korean Version),23601,0,0
2526,22589267-0087,Realme,12 Pro+ 8/256GB Navigator Beige (Global Version) NFC,17526,0,0
2527,22589318-0087,Apple,iPhone 14 Pro 512Gb Space Black OPEN BOX,37096,0,0
2528,20754147-5543,Nomi,i1880 чорний з червоним,682,0,0
2529,19787130-4806,Oukitel,WP36 8 / 128Gb чорний,9900,0,0
2530,22468459-4806,Google,Pixel 9 12/256GB Peony (GA09338-US) (51561),46816,0,0
2531,22666047-4806,Sigma,mobile X-Style 341 BRO TYPE-C синій (32611),1434,0,0
2532,22857595-4806,Google,Pixel 9 12GB 256GB Porcelain SIM + eSIM EU (GA05843-GB) (51861),48728,0,0
2533,22857594-4806,Google,Pixel 9 Pro 16 / 128GB Porcelain 2SIM NFC EU (51860),50413,0,0
2534,24050102-0298,Maxcom,MM814 Type-C Blue (5908235977737) UA,1191,0,0
2535,24050125-0298,Nomi,i1890 Grey UA,658,0,1
2536,24050154-0298,Sigma,X-treme PV68 Black UA,1346,0,0
2537,24554349-0087,Oneplus,Ace 5 16/1TB White,31504,0,0
2538,24554279-0087,Oneplus,"Ace 5 Pro 12/256GB Purple (Asian Version) (noNFC, без Play Market, ColorOS)",27246,0,0
2539,24674721-0199,Ulefone,Armor 11T 5G 8/256GB Black (101495),19510,0,0
2540,24675286-0199,Oukitel,WP200 Pro 24/1TB Black (10021686),24742,0,0
2541,24674692-0199,Blackview,A95 8/128GB Fantasy Galaxy Rainbow (101387),6321,0,0
2542,24675106-0199,Cubot,A10 4/128gb Blue (1217306),5449,0,0
2543,24675213-0199,Blackview,BV7300 6/256Gb Yellow (1217463),9264,0,0
2544,24537772-0199,Oukitel,WP35 Pro 12/512GB Grey [143113],11662,0,0
2545,24675023-0199,Cubot,X90 16/256GB Green (1217182),11444,0,0
2546,21539173-0548,Htc,U24 Pro 12/256GB Twilight White,20204,0,0
2547,24719885-0087,Blackview,BL7000 5G 8/256GB Orange (Global Version),12300,0,1
2548,25711038-0298,Fossibot,F112 Pro 8/256Gb Black Global version,9354,0,0
2549,25947807-0298,Nokia,3210 2024 Золото UA,3123,0,0
2550,26754819-0087,Samsung,Galaxy S22 Ultra 5G 12/512Gb Graphite (SM-S908N) (1sim),32945,0,0
2551,25947787-0298,Sigma,Comfort 50 CF113 HIT2020 Оранжевий UA,770,0,0
2552,24475254-4340,Doogee,V Max S 5G 8/256GB Gold Night Vision ( Global Version ) (D2240),14280,0,0
2553,29142454-0248,Cubot,KingKong Power 5 6/128GB Black ( Global Version ) (C5141),8056,0,0
2554,15926993-3355,Apple,"iPhone 15 128GB Black eSim (MTLV3) [102466] ""Seller Refurbished""",36659,0,1
2555,10672459-3355,Apple,"iPhone 14 Plus 512GB eSIM Midnight (MQ433) [76729] ""Seller Refurbished""",48299,0,0
2556,14156502-3355,Apple,"iPhone 15 128GB Black (MTP03) [92571] ""Seller Refurbished""",44279,0,0
2557,28662983-0087,Samsung,Galaxy S20 FE 5G 8/256GB Cloud Lavender (SM-G7810) (Asian Version),15805,0,0
2558,28662846-0087,Samsung,Galaxy S23 Ultra 12/512Gb Lime (SM-S918B),42633,0,0
2559,28663018-0087,Samsung,Galaxy S22 Ultra 12/256GB Red (SM-S908BZRG),33096,0,1
2560,28662872-0087,Samsung,Galaxy S23 8/512GB Phantom Black (SM-S9110) (Asian Version),32526,0,0
2561,28663083-0087,Samsung,Galaxy S20 FE 5G 8/256GB Cloud Orange (SM-G7810) (Asian Version),15805,0,0
2562,28662967-0087,Oukitel,F150 B3C 4/256Gb Obsidian Black (Global Version) NFC,7418,0,0
2563,28662971-0087,Samsung,Galaxy S23 8/128GB Phantom Black SM-S9110 (Asian Version),25805,0,0
2564,19705576-0248,Tkexun,m1 (yeemi m1) red. dual display (ZP-00000006331),2028,0,0
2565,19707135-0248,Sigma,mobile X-treme PA68 Wave Black (4827798466612),2316,0,0
2566,22859175-0248,Realme,c75 8/256gb lightning gold (NW64679),8585,0,0
2567,27304033-0548,Honor,Magic7 Pro 12/512GB Breeze Blue (EU),45126,0,0
2568,28376200-0248,2e,e280 2025 dual sim black (694743656220),1021,0,0
2569,28737848-4340,Oneplus,ACE 5 Ultra 5G 16/256GB Titanium,23787,0,0
2570,28795620-0548,Oneplus,Nord 5 8/256GB Phantom Grey (271192),21381,0,0
2571,28813331-4340,Blackview,Xplore 1 5G 12/256GB Black ( Global Version ),17837,0,0
2572,28789037-0087,Oukitel,G3 4/64Gb Black (Global Version) NFC,5268,0,0
2573,28789070-0087,Oukitel,G3 4/128Gb Green (Global Version) NFC,5537,0,0
2574,24475260-4340,Oukitel,WP39 Pro 5G 12/512GB Gold (Global Version) (O4234),14176,0,0
2575,21173846-0248,Samsung,Galaxy S22 Ultra 12/256GB Burgundy (SM-S908BDRG),30117,0,0
2576,29357610-0087,Ulefone,Armor 33 12/512GB Phantom Black,17149,0,0
2577,29535915-0087,Samsung,Galaxy S23 Ultra 8/256GB Cream (SM-S918BZED),36988,0,1
2578,29108530-5543,Nomi,i1871 червоний (52946),1098,0,0
2579,29415705-3355,Oneplus,12 16/512GB Silky Black CN [102433],40319,0,0
2580,15544493-5069,Samsung,Galaxy Note 10 8/256GB Black (SM-N970U) Snapdragon 1sim AMOLED 3500mAh,22499,0,0
2581,28885291-0789,Sigma,X-style 171 MINI Track Black-Green (4827798813720) (961068-01),527,0,0
2582,23864767-5069,Nokia,N82 Black 1050 мАч (1855758276),4499,0,0
2583,23805714-0486,Asus,Zenfone 9 8/128GB Midnight Black,27944,0,0
2584,15544391-5069,Samsung,"Galaxy S9 SM-G960 4/64 GB Blue Dual sim (SM-G960FD) 2сим Super AMOLED 5.8"" 8 ядер 12мп.",14999,0,0
2585,21008185-4363,Samsung,Galaxy A16 LTE 4/128Gb Black (SM-A165FZKBEUC) (842239-01),12136,0,0
2586,18003206-0248,Samsung,Galaxy S24+ SM-S9260 12/256GB Amber Yellow,34254,0,0
2587,23805829-0486,Samsung,Galaxy S23 Ultra 12/512GB Green (SM-S918BZGH),40848,0,0
2588,27303928-0548,Samsung,Galaxy A26 5G 8/256GB Mint (SM-A266BLGC) (270619),16269,0,0
2589,29790610-0782,Oppo,A6 Pro 4G 8/256GB Stellar Blue,17472,0,0
2590,30031010-0199,Oukitel,WP35 Pro 12/512GB Green (10021685),11880,0,0
2591,30148601-0087,Ulefone,Armor 29 Ultra 16/1TB Marvel Black (Global Version) NFC,40214,0,0
2592,30147554-4340,Oukitel,WP60 5G 16/512GB Yellow (Global Version),21916,0,1
2593,30201791-0199,Oukitel,WP60 16/512GB Black (Global Version),18420,0,0
2594,30223155-5802,Samsung,GALAXY S22 ULTRA 5G 256GB SM-S908B/DS Burgundy,30999,0,0
2595,30235931-0454,Realme,C85 Pro 8/256GB (RMX5555) Peacock Green,13999,0,0
2596,30342995-0298,Blackview,Oscal Pilot 3 12/256Gb Black EU,11944,0,0
2597,30380841-0248,Realme,c85 pro 8/128gb parrot purple ua ucrf,9811,0,0
2598,30380884-0248,Realme,c85 8/256gb (rmx5566) kingfisher синій,11582,0,0
2599,30369720-0298,Ulefone,Armor 28 Ultra 16/1Tb Epic Black EU,36078,0,0
2600,30361260-0298,Oppo,A5 (CPH2727) 6/128Gb Mist White RU,8791,0,0
2601,30361264-0298,Infinix,Smart 10 Plus 4/128Gb Titanium Silver UA,5498,0,0
2602,30361292-0298,Oukitel,G3 4/64Gb Black EU,5051,0,0
2603,30361212-0298,Infinix,Hot 60 Pro 8/128Gb Orange Rose Valley UA,8499,0,1
2604,30361214-0298,Infinix,Hot 60 Pro 8/128Gb Jungle Breath UA,8621,0,0
2605,30495234-4340,Blackview,FORT 2 8/256GB Obsidian Black (Global Version),9532,0,0
2606,30495253-4340,Realme,C85 8/256GB Kingfisher Blue (Global Version),11854,0,1
2607,30495256-4340,Blackview,FORT 2 8/256GB Lightning White (Global Version),9532,0,0
2608,30922218-0454,Oppo,Reno15 FS 8/512GB Twilight Black,21499,0,0
2609,29316705-0548,Samsung,Galaxy A07 4/128GB Black (SM-A075FZKG) (273170),7034,0,0
2610,29316708-0548,Samsung,Galaxy A07 4/128GB Green (SM-A075FZGG) (273171),6568,0,0
2611,31049424-5069,Google,"Pixel 8 8/128GB Obsidian G9BQD eSIM 5G 6.2"" OLED Gorilla Victus 2 Tensor G3 Titan M2 4K NFC 4575 mAh (15463688)",22000,0,1
2612,27035888-5802,Google,Pixel 6 PRO Sorta Sunny  (128Gb),17499,0,0
2613,31266503-1756,Google,Pixel 7 Pro 12/128GB Сніг,18289,0,0
2614,27036403-5802,Google,Pixel 7 Pro 128GB Obsidian,20499,0,0
2615,31280862-0087,Oneplus,12 24/1TB Silky Black (Asian Version),41988,0,0
2616,31547811-4340,Doogee,S200X VIP Edition 5G 12/512GB Golden Guardian навушники ( Global Version ),16756,0,0
2617,31653967-0087,Samsung,Galaxy S23 Ultra 5G 12/512GB Green (SM-S918N) (1sim+eSIM),38709,0,0
2618,31747052-3355,Ulefone,Armor 30 12/512GB Magic Black [160471],18839,0,0
2619,33852454-0087,Blackview,Oscal Pilot 6 12/256GB Black (Global Version),19031,0,0
2620,33948565-4340,Realme,P3 Lite 4/128GB Global NFC White (Global Version),6175,0,0
2621,33936374-4340,Agm,H Max 8/256GB Black (Global Version),8793,0,0
2622,34026490-5698,Oneplus,13 16/512GB Black Eclipse (Global Version),42175,0,0
2623,34025550-5698,Google,Pixel 10 Pro XL 16/512GB Porcelain (esim),54896,0,0
2624,34026617-5698,Google,Pixel 10 12/128GB Frost (nano sim + esim),33670,0,0
2625,34026854-5698,Google,Pixel 10 Pro XL 16/256GB Jade (nano sim + esim),50525,0,0
2626,34056144-5698,Oneplus,Ace 6T 12/512GB Green (CN),25723,0,0
2627,34110543-0199,Ulefone,Rugking 3 Pro 8/128GB Black-Green (202148),8610,0,0
2628,33991329-3355,Nothing,Phone (4a) 12/256GB Синій [166003],28019,0,0
2629,34039091-3355,Oppo,A6k 4/256GB Crystal Blue Global [166270],11399,0,0
2630,34124071-3355,Realme,C85 Pro 8/256GB Parrot Purple Global [166313],13199,0,0
2631,34382634-0199,Cubot,p60 6/128gb white (101437),5558,0,0
2632,34445723-3355,Google,Pixel 10 12/256GB Frost [144012],46499,0,0
2633,34443943-5058,Apple,iPhone 15 128 GB Yellow (Grade B) Seller Refurbished (MTP23),30459,0,0
2634,34517905-3355,Oneplus,Ace 6 12/256GB Silver CN (no OTA) [153851],27239,0,0
2635,34392665-5058,Apple,iPhone 15 128 GB Yellow (Grade A) Seller Refurbished (MTP23),32069,0,0
2636,34569657-3355,Samsung,Galaxy A27 8/256GB Синій (SM-A276BZBC) UA-UCRF [171429],20639,0,0
2637,34178538-4806,Oneplus,12 16 / 1 TB сріблястий (глобальна версія) (78217),44023,0,0
2638,TE019469-0087,Google,Pixel 6 8/256GB Sorta Seafoam (236688),14354,100,1
2639,19472072-4340,Oukitel,WP28E 4/64GB Orange ( Global Version ),7597,100,1
2640,25646131-0486,Honor,90 Lite 5G 8/256GB Black,8199,0,0
2641,29034739-0199,Blackview,Oscal Pilot 3 12/256GB Black (201235),11662,100,3
2642,14917425-4340,Ulefone,Armor 22 8/256GB Night Vision Camera Green (Global ORIGINAL),10693,20,1
2643,TE2108016EK12-0087,Blackview,A100 Green,8709,0,0
2644,TE019365-0087,Blackview,BL8800 8/128GB Black (Global Version),16074,0,0
2645,TE211130EK29-0087,Samsung,Galaxy S20 FE 5G SM-G781B 6/128GB Cloud Navy (222377),14139,0,2
2646,TE211118EK85-0087,Samsung,Galaxy S20 FE 5G SM-G781B 6/128GB Cloud Lavender,14139,0,0
2647,1641936486-4340,Blackview,BL8800 5G Night Vision Camera 8/128Gb Green ( Global ORIGINAL ),15469,0,0
2648,NW21771-0248,Sigma,mobile comfort 50 hit black-green (NW21771),976,0,0
2649,1464591401-4340,Blackview,A100 6/128 Blue ( Global ORIGINAL ),10000,0,0
2650,1464592068-4340,Blackview,A100 6/128 Pink ( Global ORIGINAL ),10000,0,0
2651,1686170669-4340,Ulefone,Power Armor 15 6/128GB Black ( Global ORIGINAL ),9274,0,0
2652,12997656-0087,Oppo,Reno 4 Z 5G 8/128Gb Black (Global Version),16558,0,0
2653,1838118958-4340,Cubot,P80 8/256GB Black (Global ORIGINAL),8371,0,0
2654,13282057-4340,Cubot,Note 50 8/256GB Purple (Global Version),6425,0,1
2655,13330108-0087,Samsung,Galaxy Note 20 Ultra 5G SM-N9860 12/256Gb Mystic Bronze,25913,0,1
2656,14451807-0087,Samsung,Galaxy S21+ 5G 8/256Gb Phantom Silver SM-G9960,20805,0,0
2657,14451822-0087,Samsung,Galaxy S21+ G996B/DS 5G 8/256Gb Silver,21655,0,0
2658,NW23553-0248,Tecno,Camon 19 Neo CH6i 6/128GB Eco Black (4895180783951) Держком,6157,0,0
2659,13755747-0248,Samsung,Galaxy S22 Ultra 8/128GB Green (S908B/DS),27894,0,0
2660,15295301-0087,Ulefone,Armor 22 8/128GB Black-Green,9838,0,0
2661,NW21612-0248,Zte,Axon 30 5G 8/128Gb Aqua,17799,0,0
2662,12738138-0087,Samsung,Galaxy S10+ G975U 12/1TB Prism Black,18924,0,1
2663,15544240-5069,Samsung,"Galaxy Note 10 8/256GB Black (SM-N970U) 6.3"" 1SIM Snapdragon AMOLED 3500mAh",23099,0,0
2664,15902922-4820,Sony,Xperia 10 IV 6/128GB Mint,19799,0,0
2665,15292575-5069,Sony,"Xperia XZs Black 2sim IPS 5.2"" 4ядра 4/64GB 19мп/13мп GPS 2900Ач",9749,0,0
2666,17141655-4340,Hotwav,T7 4/128GB Black ( Global Version ),6823,0,1
2667,17889784-5069,Sony,"Xperia XZ2 Premium Silver 5.8"" 6/64GB GPS 3540 mAh",10999,0,0
2668,18474043-0087,Ulefone,Armor 26 Ultra Walkie-Talkie version 12/512Gb Black (Global Version) NFC,25053,0,0
2669,14451780-0087,Samsung,Galaxy S22 SM-S9010 8/256Gb Phantom White,20795,0,0
2670,19054808-0087,Samsung,Galaxy S22 8/256Gb White (SM-S901N) [1sim] (Asian Version),20149,0,0
2671,19054840-0087,Samsung,Galaxy S22 8/256Gb Phantom Black (SM-S901N) [1sim] (Asian Version),20149,0,0
2672,19237022-3355,Google,Pixel 9 Pro 16/256GB Porcelain,58259,0,0
2673,19143356-4340,Doogee,Blade 10 4/128GB Kevlar Red ( Global Version ),10000,0,0
2674,19764225-0087,Oukitel,G1 6/256GB Green (Global Version) NFC,8569,0,1
2675,21211209-0087,Google,Pixel 9 Pro 16/512GB Obsidian,56386,0,0
2676,21116873-0087,Kenxinda,KXD D68S 2/32Gb black,4719,0,0
2677,15544205-5069,Nokia,"1200 Black 1SIM 1.5"" 2G 700 мАг",2259,0,0
2678,21175557-4340,Doogee,S200X 12/512GB Black Samurai [138483],16756,0,1
2679,21636042-0087,Samsung,Galaxy S23+ 8/256Gb Lavender (SM-S9160) 2 SIM,32257,0,0
2680,21648267-4340,Unihertz,Tank Mini 8/256GB Black ( Global Version ),15466,0,0
2681,21690629-0087,Oneplus,9 8/128GB Astral Black (Global Version),13278,0,0
2682,21690588-0087,Oneplus,11 12/256GB Black (Global Version),32902,0,0
2683,21991003-0087,Samsung,Galaxy Fold 5 12/512Gb Cream (SM-F946BZECSEK),55537,0,0
2684,22146645-5543,Nomi,i1871 з камерою чорний 001011591112 (32413),1041,0,0
2685,22511669-0087,Samsung,Galaxy S24+ 12/256Gb Marble Grey (SM-S926B/DS),37848,0,0
2686,16180352-4806,Tecno,Camon 19 Neo (CH6i) 6/128GB NFC чорний (Eco Black) (37449),6985,0,0
2687,22589317-0087,Google,Pixel 9 Pro 16/256GB Rose Quartz (Global Version),50848,0,0
2688,18036827-4806,Google,Pixel 7a 8 / 128Gb Snow Версія JP (японська) (39329),17999,0,1
2689,22467876-4806,Blackview,Oscal Tiger 13 8 / 256Gb DS Violet Blue (блакитний) NFC (51352),8512,0,0
2690,22468793-4806,Sony,Xperia 1 IV 12 / 512 Gb фіолетовий (16567),40951,0,0
2691,23319871-5543,Oneplus,Nord N20 SE 4/64 Gb чорний (16702),10409,0,0
2692,23908371-0087,Oukitel,IIIF150 Air3S 4/128GB Black (Global Version),7096,0,0
2693,23867470-4673,Sigma,X-style 353 TREND Mint (4827798626221),1441,0,0
2694,23908393-0087,Unihertz,8849 Shark 3 16/512Gb black (Global Version),28278,0,0
2695,23909265-4200,Samsung,Note 20 Ultra N986B/DS 5G 12/256GB Mystic Bronze,24309,0,0
2696,23960016-4340,Oukitel,WP35 Pro 5G 12/512GB Grey ( Global Version ),13853,0,0
2697,23960035-4340,Doogee,Fire 6 Max 5G 8/256GB Green Night Vision + ТЕПЛОВИЗОР ( Global Version ),17849,0,0
2698,24050149-0298,Sigma,X-treme PR68 Type-C Black UA,2093,0,0
2699,24484555-5543,Nomi,i2440 чорний (16900),1041,0,0
2700,24554285-0087,Samsung,Galaxy S23+ 5G 8/512Gb Lavender (1sim+eSIM) (SM-S916U),32945,0,1
2701,24674758-0199,Agm,G2 Guardian 12/256gb black (101608),45779,0,0
2702,24674769-0199,Realme,9 Pro 6/128GB Aurora Green (101648),11444,0,0
2703,24674792-0199,Realme,C35 4/128GB Glowing Green No NFC ES version (101759),8174,0,0
2704,24675285-0199,Oukitel,WP35 Pro 12/512GB Black (10021683),12098,0,0
2705,24674885-0199,Realme,GT5 12/256GB 150W Starry Oasis CN Version (121595),22889,0,0
2706,24675193-0199,Unihertz,Tank Mini 1 8/256GB Black [124903],13733,0,0
2707,25343696-5787,Sigma,Comfort 50 Optima Type-C Black (4827798122310) (brn_4827798122310),2368,0,0
2708,25710987-0298,Oukitel,P1 8/256Gb Black Global version,11111,0,0
2709,25710990-0298,Oukitel,WP200 Pro 24/1Tb Black Global version,23698,0,0
2710,25710992-0298,Oukitel,WP35 8/256Gb Grey Global version,10888,0,0
2711,25710996-0298,Oukitel,WP30 Pro 12/512Gb Black Global version,16608,0,0
2712,26664819-0087,Motorola,Razr 60 8/256GB Gibraltar Sea (Global Version),30752,0,0
2713,26754783-0087,Samsung,Galaxy S22 Ultra 5G 12/512Gb Green (SM-S908N) (1sim),32945,0,0
2714,24475259-4340,Ulefone,Armor X31 6/128GB Classic Black Night Vision ( Global Version ) (U8162),9790,0,0
2715,19707221-0248,Google,Pixel 8a 8/256GB Obsidian,24931,0,0
2716,10670497-3355,Apple,"iPhone 12 64GB White (MGJ63/MGH73) [50856] ""Seller Refurbished""",22859,0,0
2717,10671459-3355,Apple,"iPhone 14 Plus 256GB eSIM Midnight (MQ3X3) [78345] ""Seller Refurbished""",42659,0,0
2718,10672293-3355,Apple,"iPhone 14 Plus 512GB eSim Yellow (MR5W3) [81068] ""Seller Refurbished""",48539,0,0
2719,14156510-3355,Apple,"iPhone 15 256GB Blue (MTP93) [92577] ""Seller Refurbished""",53999,0,0
2720,28662834-0087,Cubot,KingKong ES 3 6/256GB Black (Global Version),7408,0,1
2721,28662851-0087,Samsung,Galaxy S20 5G 12/128GB Cloud Pink (SM-G981B/DS),14945,0,0
2722,28663024-0087,Samsung,Galaxy S22+ 8/128GB Green (SM-S906E/DS) (LA Version),18924,0,0
2723,28663069-0087,Oneplus,"10T 12/256GB Moonstone Black (Global Version) [5G, NFC]",24128,0,0
2724,18003992-0248,H-mobile,A8 (Mafam A8) black. Vertu design,1833,0,0
2725,16696828-0248,Honor,90 8/256GB Green,18638,0,0
2726,19704527-0248,Sigma,mobile comfort 50 shell duo type-c dual sim red/black (4827798212516),1238,0,0
2727,18003146-0248,Oneplus,12 16/512Gb Silky Black,32397,0,1
2728,16696940-0248,Oneplus,12 12/256GB Silky Black,31847,0,0
2729,26967702-0248,Google,pixel 7 5g 8/128gb snow us,15501,0,0
2730,28630903-4689,Honor,Magic7 Pro 16/1TB Lunar Shadow Grey (270730),46477,0,0
2731,27438552-4820,Ulefone,Armor 24 12/256GB Black (6639da1832130804db378467),15499,0,0
2732,28813318-4340,Ulefone,Armor 30 12/512GB Black Night Vision ( Global Version ),16171,0,0
2733,28826810-4340,Oukitel,WP210 5G 12/512GB Red ( Global Version ),20368,0,0
2734,28376231-0248,Cubot,kingkong 11 16/256gb black night vision,12222,0,0
2735,28789104-0087,Oneplus,"11R 16/512GB Galactic Silver (Global Version) [5G, NFC]",24354,0,1
2736,28789018-0087,Oneplus,"11R 12/256GB Sonic Black (Global Version) [5G, NFC]",23053,0,1
2737,28789046-0087,Oneplus,"11R 16/256GB Galactic Silver (Global Version) [5G, NFC]",23838,0,1
2738,28789065-0087,Oneplus,"11R 16/256GB Sonic Black (Global Version) [5G, NFC]",23838,0,1
2739,28789066-0087,Oneplus,Nord 5 12/512GB Marble Sands (Global Version),24838,0,0
2740,23805519-0486,Asus,Zenfone 9 16/256GB Midnight Black,35160,0,0
2741,23805545-0486,Samsung,Galaxy S23 8/256GB Lavender (SM-S911BLIG),28487,0,0
2742,23805639-0486,Asus,ROG Phone 3 Strix 8/256GB Black Glare,34889,0,0
2743,23805944-0486,Oppo,A73 4/64GB Orange,8773,0,0
2744,24290810-0248,Blackview,oscal tiger 13 8/256gb black (DE-1217361),6798,0,0
2745,24044641-0248,Realme,gt neo3 8/128gb 80w асфальт чорний глобальна версія (MO-82644),17351,0,0
2746,24332382-0486,Samsung,Galaxy Xcover 7 SM-G556 6/128GB Black (SM-G556BZKD),12951,0,0
2747,24475251-4340,Oukitel,WP39 Pro 5G 12/512GB Black (Global Version) (O4232),14176,0,0
2748,28838608-4673,Oukitel,WP53 8/128GB Black (6941749820686),8776,0,0
2749,29186789-0087,Fossibot,F107 Pro 5G 12/512Gb Metallic Gray (Global Version) NFC,20537,0,0
2750,29186796-0087,Sigma,mobile X-style 171 MINI Black (UA UCRF),674,0,0
2751,29186800-0087,Sigma,mobile X-style 281 CLIK Red (UA UCRF),1451,0,0
2752,29314138-4340,Oukitel,IIIF150 Action A5Pro 3/256GB Natural Titanium (Global Version),5104,0,0
2753,29314137-4340,Ulefone,Armor X12 3/32GB All Black (Global Version),5791,0,0
2754,24044014-0248,Samsung,Galaxy Flip 6 12/256GB Mint (SM-F741BLGG),35489,0,0
2755,29535914-0087,Samsung,Galaxy S23+ 8/512GB Lavender (SM-S9160) (Asian Version),36741,0,0
2756,29416084-3355,Motorola,G06 Power 4/256GB Laurel Oak (PBA00001) UA-UCRF [149844],8879,0,0
2757,30148740-0087,Google,Pixel 10 12/128GB Lemongrass,33203,0,0
2758,15544208-5069,Samsung,"Galaxy S9 4/64 ГБ Duos 2SIM Purple 5.8"" Super AMOLED Bluetooth 5.0",11999,0,1
2759,28818009-4363,Sigma,X-style 171 MINI Track Black-Green (4827798813720) (961068-01),755,0,0
2760,29304229-0248,Motorola,moto g06 power 4/256gb tapestry (pba00000ua),7482,0,0
2761,28884802-0789,Nomi,i1441 Grey (762959-01),518,0,0
2762,29173813-1228,Motorola,G06 Power 4/256GB Tapestry (PBA00000UA) (389700),10859,0,0
2763,23807418-0486,Samsung,Galaxy A16 4/128GB Gray (SM-A165FZAB),8315,0,0
2764,23864729-5069,Samsung,"Galaxy S9 (SM-G960) 4/64GB Gold 1 SIM LTE Super AMOLED 5.8"" 2960x1440 8ядер 12мп (17679176333)",11999,0,0
2765,15544743-5069,Google,Pixel 4 XL 64 GB Black Новий Оригінал,19499,0,0
2766,29304392-0248,Oppo,a6 pro 4g (cph2799) 8/256gb синій ua ucrf,14582,0,0
2767,24511736-0486,Samsung,Galaxy S23 FE SM-S711B 8/128GB Graphite (SM-S711BZADSEK),19903,0,0
2768,23805447-0486,Samsung,Galaxy S23 FE SM-S711B 8/256GB Purple,23219,0,0
2769,23805978-0486,Samsung,Galaxy Fold4 SM-F9360 12/256GB Phantom Black,41279,0,0
2770,23864770-5069,Nokia,"6070 Silver 1.8"" Li-Ion 750 мАч 7 МБ (45322219)",2249,0,0
2771,23806132-0486,Huawei,Nova 10 8/128GB Silver,19074,0,0
2772,23967526-0486,Samsung,Galaxy Flip5 8/512GB Mint (SM-F731BLGH) (SM-F731BLGHSEK),34997,0,0
2773,23806383-0486,Oneplus,10 Pro 12/256GB Green,20566,0,0
2774,27858656-0486,Oneplus,13 12/512GB Black Eclipse,33912,0,0
2775,24080393-0486,Samsung,Galaxy A56 5G 8/128GB Awesome Olive (SM-A566BZGA),18797,0,0
2776,29916496-0199,Agm,H MAX 8/256GB Black (Global Version),8174,0,0
2777,24545503-0248,Tkexun,f18 (happyhere f18) Silver. dual display (ZP-00000005075),1833,0,0
2778,30147572-4340,Oukitel,WP62 5G 16/512GB Silver (Global Version),14624,0,0
2779,30148718-0087,Doogee,S200 Ultra 12/1TB Black (Global Version),23967,0,0
2780,30165943-5227,Oppo,A6 Pro 4G 8/256GB Stellar Blue,16790,0,0
2781,30235927-0454,Realme,C85 Pro 8/256GB (RMX5555) Parrot Purple,13999,0,0
2782,30380837-0248,Realme,c85 6/128gb kingfisher синій ua ucrf,7843,0,0
2783,30380881-0248,Realme,c85 6/128gb (rmx5566) swan black,10662,0,0
2784,30380907-0248,Oppo,a6 pro 4g (cph2799) 8/256gb lunar titanium ua ucrf,14582,0,0
2785,30361303-0298,Oukitel,WP39 Pro 5G 12/512Gb Gray EU,11417,0,0
2786,30361237-0298,Infinix,Hot 60 Pro+ 8/256Gb Sonic Yellow UA,10338,0,0
2787,30361240-0298,Infinix,Hot 60i 8/256Gb Neon Red UA,7863,0,0
2788,30495236-4340,Realme,C85 PRO 8/256GB Parrot Purple (Global Version),12733,0,0
2789,30495261-4340,Realme,C85 PRO 8/256GB Peacock Green (Global Version),12006,0,0
2790,30495258-4340,Oneplus,Ace 6T 5G 12/256GB NFC Electric Purple,30488,0,0
2791,30506363-3355,Oneplus,12 16/1TB Flowy Emerald Global [142372],48119,0,0
2792,30539241-4806,2е,E240 2023 Dual Sim чорний (688130251068) (16688),1191,0,0
2793,30539753-4806,Sigma,"mobile Comfort 50 Shell Dual чорний 'бабушкофон - розкладушка', 2 MiniSim, дисплей 2.4' кольоровий (240x320) (136001)",1764,0,0
2794,29640390-0548,Blackview,Oscal Tank 1 16/512GB Orange (Global Version),22585,0,0
2795,29316798-0548,Motorola,Moto G06 4G 4/64GB Tendril (PBA20000) (273267),5604,0,0
2796,31064977-1228,Realme,C85 6/128GB Swan Black,15453,0,0
2797,31064973-1228,Realme,C85 8/256GB Swan Black,16860,0,0
2798,31202458-5069,Samsung,"Galaxy S20 Plus 8/512Gb Cosmic Black 2 SIM 6.7"" Exynos 990 8K NFC 4500 mAh (176667832)",20000,0,0
2799,31280930-0087,Google,Pixel 8 Pro 12/512GB Mint,47149,0,0
2800,31280948-0087,Samsung,Galaxy S22 Ultra 12/512GB Burgundy (SM-S908U) (1sim) USA Version,34031,0,0
2801,31280853-0087,Oukitel,WP55 S 8/256GB Black (Global Version) NFC,9515,0,1
2802,31517638-4340,Blackview,OSCAL Marine 3 8/256GB Starlight White ( Global Version ),10010,0,0
2803,31481585-3355,Google,Pixel 6 Pro 12/256GB (Cloudy White) [67669],24419,0,0
2804,31653812-0087,Samsung,Galaxy S23+ 8/256GB Graphite (SM-S916N) (1sim+eSIM),28354,0,0
2805,31961844-0087,Blackview,Fort 2 8/128GB Black (Global Version) NFC,8547,0,0
2806,32793752-4806,Oppo,A5 Pro 4G 8/256GB Mocha Коричневий (152476),17755,0,0
2807,33317452-3355,Motorola,G06 4/128GB Tendril (PBA20021RS) UA-UCRF [163983],7079,0,0
2808,33780100-0087,Nothing,Phone (4a) 8/256GB White (Global Version),25805,0,0
2809,33780132-0087,Samsung,Galaxy S22 Ultra 12/512GB White (SM-S908N) 1 SIM (USA Version),32945,0,0
2810,31131534-0454,Oppo,A6 6/256GB (CPH2817) Aurora Gold (QECPH2817_GOLD_6/256),11999,0,0
2811,33558254-0454,Infinix,Smart 20 X6840B 4/128GB Polaris Titanium,6299,0,0
2812,33959473-4340,Sigma,X-treme PQ56 6/128GB Black,9150,0,0
2813,33936380-4340,Oukitel,WP62 5G 12/512GB Black (Global Version),14017,0,0
2814,34025457-5698,Oneplus,Ace 6 16/256GB White (CN),24198,0,0
2815,34025458-5698,Oneplus,Ace 6 16/512GB Silver (CN),26270,0,0
2816,34026652-5698,Google,Pixel 9a 8/128GB Iris,21824,0,0
2817,34026553-5698,Google,Pixel 10 12/256GB Frost (nano sim + esim),39210,0,0
2818,34026596-5698,Google,Pixel 9a 8/128GB Porcelain,22343,0,0
2819,34110575-0199,Hotwav,Cyber 16 Pro 8/512GB Gold (201424),10463,0,0
2820,34110577-0199,Hotwav,Hyper 8 Ultra 12/512GB Black (202157),21581,0,0
2821,34110538-0199,Ulefone,Armor 34 Pro Plus 16/512GB Pulse Black (202133),30519,0,1
2822,34110570-0199,Oukitel,WP62 12/512GB Black (202101),12970,0,0
2823,34339799-0087,Samsung,Galaxy S23 Ultra 12/512GB Lavender (SM-S918U) (USA Version) 1SIM,39429,0,0
2824,34415807-5058,Apple,iPhone 15 Plus 128 GB Green (Grade Q) Seller Refurbished (MU173),36259,0,0
2825,34415825-5058,Apple,iPhone 14 Pro 1 TB Space Black (Grade B) Seller Refurbished (MQ2E3),41379,0,0
2826,34152844-4806,Infinix,Hot 60 Pro+ X6886 8/256GB Misty Purple (Фіолетовий) (190029),14019,0,0
2827,34569634-3355,Ulefone,Armor 28 Ultra Thermal Version 16/1TB Black [147605],56039,0,0
2828,34620966-3355,Tecno,Spark 40 Pro+ (KM7) 8/256GB Aurora White (4894947096341) [171442],12479,0,0
2829,34152710-4806,Motorola,Moto Edge 70 Fusion 8/256GB Silhouette (PBBD0022RS) (192658),23439,0,0
2830,34745642-4340,Realme,P4 Power 5G 12/256GB Power Silver (Global Version),26643,0,0
2831,19885505-0087,Google,Pixel 9 Pro XL 16/256GB Obsidian,45805,100,1
2832,13281932-4340,Ulefone,Armor 21 8/256Gb Night Vision Black (Global ORIGINAL),12886,100,1
2833,30922223-0454,Oppo,Reno15 8/512Gb (CPH2825) Aurora White,26999,100,2
2834,NW23203-0248,Sigma,mobile Comfort 50 Grace Black,1509,40,1
2835,TE2108016EK17-0087,Ulefone,Armor 8 Pro 6/128GB (Orange),9354,0,0
2836,TE210906EK26-0087,Cubot,Note 9 3/32GB Green,5429,0,0
2837,TE211118EK51-0087,Oneplus,9R 12/256GB Lake Blue,23494,0,2
2838,TE211118EK52-0087,Oneplus,9R 12/256GB Qingyu Green,23494,0,0
2839,225946-0548,Samsung,Galaxy Xcover 5 SM-G525F 4/64GB Black (225946),14358,0,0
2840,TE220112EK75-0087,Ulefone,Armor X9 Pro 4/64Gb green,7526,0,0
2841,TE220512EF03-0087,Ulefone,Armor X10 4/32GB Black (Global),7461,0,0
2842,TE020027-0087,Oneplus,9 Pro 12/256GB Pine Green (Global),19623,0,1
2843,TE020028-0087,Oneplus,9 Pro 12/256GB Stellar Black (Global),19623,0,0
2844,TE220204EK41-0087,Samsung,Galaxy S10+ G975U 12/1TB Ceramic White 1 SIM (USA Version),19451,0,1
2845,TE019643-0087,Samsung,Galaxy S20 FE 128GB Green (SM-G781F/DS),14139,0,0
2846,241723-0548,Google,Pixel 7 8/128GB Obsidian Європейська версія (241723),16241,0,0
2847,TE020791-0087,Blackview,BV5200 4/32Gb NFC Green,5999,0,0
2848,TE211118EK89-0087,Samsung,Galaxy S20 FE 5G SM-G781B 8/256GB Cloud Mint,16386,0,0
2849,NW23631-0248,Huawei,Nova 10 8/128GB Starry Black (242572),17947,0,0
2850,1631154689-4340,Blackview,A55 Pro 4/64Gb Obsidian Black ( Global ORIGINAL ),5473,0,0
2851,NW20780-0248,Cubot,note 9 3/32gb green (NW20780),5125,0,0
2852,146-3365,Globex,NEON A1 CDMA телефон,850,0,0
2853,1496871453-4340,Cubot,Max 3 4/64GB Global NFC Black ( Global ORIGINAL ),7468,0,0
2854,1754106852-4340,Ulefone,Armor X9 3/32GB Green ( Global ORIGINAL ),5949,0,0
2855,1645450559-4340,Ulefone,Armor X5 3/32Gb Red ( Global ORIGINAL ),5830,0,0
2856,TE021281-0087,Samsung,Galaxy S21+ 5G 8Gb/128Gb SM-G996U Phantom Silver 1SIM (USA Version),18386,0,0
2857,TE021158-0087,Oukitel,C31 Pro 4/64Gb blue (Global Version),5139,0,0
2858,1695546259-4340,Umidigi,A13 4/128GB Galaxy Blue,6901,0,0
2859,NW27202-0248,Realme,GT 5G 8/128GB Dashing Blue (225333),17058,0,0
2860,NW20928-0248,Oppo,A74 5G 6/128Gb Prism Black (Global Version),10370,0,0
2861,13282091-4340,Doogee,V30T 5G 12/256GB Night Vision Rose Gold (Global ORIGINAL),14279,0,0
2862,13648496-0548,Google,Pixel 7a 8/128GB Sea (251892),15731,0,0
2863,14221929-0087,Ulefone,Armor X12 Pro 4/64GB Green (Global Version) NFC,6988,0,0
2864,NW21108-0248,Samsung,Galaxy S22 Ultra 12/512GB Phantom Black (SM-S908BZKH) (230620),32341,0,0
2865,14448050-0087,Ulefone,Armor 22 8/256GB Black (Global Version),10375,0,0
2866,14451835-0087,Samsung,Galaxy S21 SM-G9910 8/256Gb Phantom White,18870,0,0
2867,14451869-0087,Samsung,Galaxy S21 SM-G9910 8/128Gb Phantom White,15805,0,1
2868,14451876-0087,Samsung,Galaxy S21+ 5G 8/128Gb Phantom Black SM-G9960 2 SIM,17472,0,0
2869,14546136-1756,Samsung,Galaxy S20 5G SM-G981B 12/128GB White,13390,0,0
2870,14741543-0548,Oneplus,Nord N20 SE 4/128GB Jade Wave,6148,0,0
2871,14741680-0548,Google,Pixel 8 Pro 12/128GB Obsidian (254794),28924,0,1
2872,14831937-0087,Samsung,Galaxy S21 Ultra SM-G9980 12/256GB Phantom Silver,22139,0,2
2873,14917411-4340,Ulefone,Armor X12 Pro 4/64GB NFC Less Green (Global ORIGINAL),7210,0,0
2874,15295236-0087,Oukitel,WP32 4/128GB Green,6558,0,0
2875,15328703-1756,Google,Pixel 6 Pro 12/128GB Cloudy White,15229,0,0
2876,15263774-0087,Google,Pixel 7 Pro 12/512GB Hazel (242649),28461,0,0
2877,15295322-0087,Samsung,Galaxy S22+ 5G 8/256Gb Cream SM-S9060,24569,0,0
2878,15263808-0087,Samsung,Galaxy S20 5G 12/128GB SM-G9810 White,15461,0,0
2879,13330101-0087,Samsung,Galaxy Note 20 5G SM-N9810 8/256Gb Mystic Green,19988,0,1
2880,15292584-5069,Sony,"Xperia X F5121 IPS 5"" 3/32 ГБ Black 2620 мА·год GPS 23мп",8999,0,4
2881,15295279-0087,Oukitel,WP30 Pro 12/512GB Black (Global Version),17687,60,4
2882,15705745-0087,Cat,B30 Black ENG,3332,0,0
2883,15733495-4340,Blackview,BV6200 Pro 6/128GB Orange (Global Version),8113,0,0
2884,15733466-4340,Blackview,Oscal Tiger 12 8/128GB Grey,5830,0,0
2885,15917186-4806,Sigma,mobile X-style 18 Track чорний/сірий 4827798854419,679,0,0
2886,16034099-0087,Sigma,mobile X-treme PQ55 black-orange,9322,0,0
2887,16034216-0087,Oneplus,12 16/512Gb Silver,36322,0,2
2888,16034180-0087,Sigma,mobile X-treme PK68 Back (UA UCRF),2451,0,0
2889,17060901-3355,Ulefone,Armor 24 12/256GB Чорний [106237],19079,0,0
2890,17060935-3355,Oukitel,WP32 4/128GB Green [106293],8759,0,0
2891,17208190-0087,Oneplus,12R 12/256GB Cool Blue (CPH2609) (Global Version),26612,0,0
2892,17208150-0087,Blackview,Color 8 8/128Gb Grey (Global Version),6816,0,0
2893,17141619-4340,Unihertz,8849 Tank Mini 1 12/256Gb black (Global Version),19336,0,0
2894,17631546-0087,Doogee,DK10 12/512Гб Зелений (Глобальна версія),18322,0,0
2895,13330162-0087,Samsung,Galaxy Note 20 5G SM-N9810 8/256Gb Mystic Gray,19988,0,0
2896,14451889-0087,Samsung,Galaxy S22 8/256Gb Green (SM-S901BZGG),25526,0,0
2897,14546133-1756,Samsung,Galaxy S21 FE 5G SM-G990U 6/128GB Graphite,15390,0,0
2898,19054901-0087,Samsung,Galaxy S22 8/128Gb Graphite (SM-S901U1) (1sim) (USA Version),18762,0,1
2899,19170863-4925,Sigma,mobile X-treme PK68 Black (4827798466711),2385,0,0
2900,19310924-0087,Oukitel,C50 8/128GB Blue (Global Version),6870,0,0
2901,14451790-0087,Samsung,Galaxy S22 SM-S9010 8/256GB Phantom Black,20795,0,0
2902,19859871-0298,Ulefone,Armor 21 8/256Gb Black Global version,11988,0,0
2903,19885558-0087,Google,Pixel 9 Pro XL 16/512GB Obsidian,53010,0,0
2904,21175546-4340,Cubot,A20 4/128GB Black (Global Version),6436,0,0
2905,21175548-4340,Cubot,A20 4/128GB Pink (Global Version),6436,0,0
2906,21476641-0087,Oneplus,13 12/512GB Black (Asian Version),35472,0,2
2907,21636041-0087,Samsung,Galaxy S23+ 8/256Gb Cream (SM-S9160) 2 SIM,32257,0,0
2908,18126912-4673,Sigma,X-style 31 Power Type-C Blue (4827798855027),1345,0,0
2909,21991035-0087,Ulefone,Armor X31 Pro 8/256GB Orange (Global Version),12580,0,0
2910,13259572-0087,Samsung,Galaxy S23+ 5G 8/512GB Phantom Green SM-S916U1 (USA Version),32945,0,0
2911,22613198-0087,Samsung,Galaxy S22+ 5G 8/128Gb Phantom White (S906U1) 1sim+eSIM (USA Version),22687,0,0
2912,22613180-0087,Samsung,Galaxy S22+ 5G 8/128Gb Phantom Black (S906U1) 1sim+eSIM (USA Version),22687,0,0
2913,20753847-5543,Sigma,mobile Comfort 50 Shell DUO версія Type-C кнопковий телефон чорний,1359,0,0
2914,20753891-5543,Nomi,i220 чорний,1450,0,0
2915,22468096-4806,Sony,Xperia 1 IV 12 / 256 Gb фіолетовий (16312),38164,0,0
2916,22468821-4806,Doogee,V Max PRO 12/512 Gb з акб 22000 мАг чорний (16589),22658,0,1
2917,22468331-4806,Google,Pixel 9 5G 12/128Gb Obsidian (US - версія США) 840353910959 (32411),37218,0,0
2918,23909247-4200,Samsung,S22 + PLUS 8/128GB Green SM-S906B/DS,22325,0,0
2919,23960028-4340,Hotwav,Hyper 7 5G 8/256GB Yellow ( Global Version ),11899,0,0
2920,23984185-5543,Для,людей похилого віку Maxcom MM814 Power Bank Function Type-C зелений (51954),1327,0,0
2921,24050136-0298,Sigma,Comfort 50 CF113 HIT2020 Grey UA,801,0,0
2922,24050152-0298,Sigma,X-treme PA68 Wave Black UA,2143,0,0
2923,24084228-4806,Oneplus,Ace 5 5G (PKG110) 16/512Gb Gray (Unlocked CN) (51957),41146,0,0
2924,21818642-1943,2e,"E240 2023 2.4"" 2хSIM 2500mAh чорний 688130251068",1301,0,0
2925,23928842-1943,Panasonic,0.3 Мп 1 SIM 1000 мАг Gray (KX-TU160EXG),3456,0,1
2926,24484483-5543,Sigma,mobile X-treme PV68 чорний (52026),1672,0,0
2927,24484484-5543,Sigma,mobile Comfort 50 EASY (CF115) TYPE-C червоний (52027),770,0,0
2928,24554365-0087,Ulefone,Armor X31 6/128GB Lightsome Green (Global Version),8644,0,0
2929,24554295-0087,Samsung,Galaxy S20 5G G981F/DS 12/128Gb Blue,14945,0,0
2930,24554301-0087,Samsung,Galaxy S22+ 5G 8/128GB Black (S9060),23848,0,0
2931,24554386-0087,Oneplus,"Ace 5 Pro 16/512GB Purple (Asian Version) (noNFC, без Play Market, ColorOS)",32354,0,0
2932,24674720-0199,Agm,M7 1/8Gb Black (101492),5013,0,0
2933,24674919-0199,Doogee,V20S 12/256GB Orange (Global Version),11771,0,0
2934,24674607-0199,Ulefone,Power Armor 14 4/64GB Black ( Global ORIGINAL ),9155,0,0
2935,24674773-0199,Realme,C55 6/128GB Sunshower EU NFC (101668),8174,0,0
2936,24674638-0199,Doogee,S97 Pro 8/128GB Black (10120),11117,0,0
2937,24674691-0199,Realme,8i 4/64GB Black (101370),7520,0,0
2938,24674853-0199,Hotwav,Cyber ​​13 pro 12/256 black (101957),9046,0,0
2939,24674860-0199,Blackview,A96 8/256GB Black (102007),9700,0,0
2940,24675177-0199,Ulefone,Armor Mini 20T Pro 8/256GB Black (Global Version),18093,0,0
2941,24674654-0199,Blackview,bv6600 IP68 4/64gb Orange (101257),8392,0,0
2942,24675063-0199,Oscal,TIGER 10 3/128gb Green (1217237),5394,0,0
2943,24675160-0199,Iiif150,B3 Pro 16/512gb Sandstone Purple (1217391),12534,0,0
2944,24719875-0087,Samsung,Galaxy S22 8/128Gb Bora Purple (SM-S9010),21074,0,0
2945,24719934-0087,Samsung,Galaxy S20 5G 12/128GB Grey (SM-G981FZAD),14945,0,0
2946,17208085-0087,Google,Pixel 6 8/256GB Kinda Coral,14354,0,0
2947,24931045-4806,Oppo,Reno 8 Lite 8/128GB Cosmic Black (чорний) (52201),14860,0,0
2948,25947790-0298,Blackview,Oscal Tiger 12 8/128Gb Cloudwing Grey UA,6750,0,0
2949,25748165-5787,Nomi,i1890 Blue,1025,0,0
2950,25947803-0298,Nokia,150 2023 Синій UA,1777,0,0
2951,27204083-0087,Ulefone,Armor X32 Pro 8/256Gb Vibrant Orange,12945,0,0
2952,24475258-4340,Ulefone,Armor X31 6/128GB Limestone Green Night Vision ( Global Version ) (U8164),9790,0,0
2953,24475263-4340,Fossibot,F112 PRO 5G 8/256GB Flame Orange ( Global Version ) (O4228),10102,0,0
2954,27573182-0782,Motorola,G86 8/256GB Chrysanthemum (PB7L0109RS),14144,0,0
2955,24475253-4340,Fossibot,F112 PRO 5G 8/256GB Forest Green ( Global Version ) (O4230),10102,0,0
2956,24511783-0486,Google,Pixel 8 Pro 12/128GB Bay,28214,0,0
2957,23807214-0486,Google,Pixel 9 12/256GB Peony,39505,0,0
2958,27840787-0548,Oneplus,Nord 5 12/512GB Dry Ice (Global Version),24189,0,0
2959,28663025-0087,Oneplus,Ace 5 16/1TB Green (Asian Version),31504,0,0
2960,28728448-5058,Apple,iPhone 14 Pro Max 512 GB Gold (Grade A) Seller Refurbished (MQAJ3),44409,0,0
2961,28663077-0087,Samsung,Galaxy S23 8/512GB Cream (SM-S9110) (Asian Version),32526,0,0
2962,18003923-0248,Gzone,f899 (mafam f899) red. touch dual screen. flip. english keyboard (ZP-00000001951),1882,0,0
2963,16671609-4806,Телефон,Sigma mobile X-style 18 Track чорний із зеленим (37661),770,0,0
2964,18003150-0248,Oneplus,12 16/512gb silver (NW56888),32588,0,0
2965,18003792-0248,Tkexun,m1 (yeemi m1) gold. dual display (ZP-00000006332),2028,0,0
2966,20791735-0248,Oneplus,ace 3 pro 16/512gb white (NW61082),24190,0,0
2967,20974580-0248,Realme,12 4g 8/256gb skyline blue (NW60260),9991,0,0
2968,19707157-0248,Nokia,3210 4G 2024 Y2K Gold (UA UCRF),2850,0,0
2969,20791833-0248,Ulefone,Armor 23 Ultra 12/512GB Umbra Orange (Global Version),17194,0,0
2970,21235887-0548,Samsung,Galaxy Fold5 SM-F946U 12/1TB Phantom Black,45187,0,0
2971,28728646-0248,Realme,note 70 4/128gb obsidian black ua ucrf,6199,0,0
2972,28728943-0248,Ulefone,armor 30 pro 16/512gb magic black,18160,0,0
2973,27389900-4820,Unihertz,Shark 5G 12/256Gb Black (67861f55d6df8b470c5db096),18899,0,0
2974,27389957-4820,Cubot,A30 6/128Gb Pink (67861f59d6df8b470c5db0e0),6186,0,0
2975,27858592-0486,Google,Pixel 5 8/128GB Sorta Sage,17175,0,0
2976,28737850-4340,Blackview,FORT 1 4/128GB Black (BVFORT_1_4_128_BK),7726,0,0
2977,28742020-0486,Oneplus,Nord 12/256GB Gray Onyx,18521,0,0
2978,27858661-0486,Oneplus,13 12/512GB Arctic Dawn,33369,0,0
2979,28813332-4340,Doogee,Blade 10 Ultra Energy 8/256GB Moon Eclipse Silver ( Global Version ),11338,0,0
2980,28813303-0454,Sigma,mobile X-style 171 Mini Dual Sim Black/Orange,519,0,0
2981,28813319-4340,Fossibot,F107 Pro 5G 12/512GB Metallic Gray ( Global Version ),21407,0,0
2982,28813326-4340,Doogee,S200 MAX 5G 16/512GB Mystic Gray Night Vision ( Global Version ),18610,0,0
2983,28813327-4340,Doogee,Fire 3 Ultra 6/256GB Twilight Gray Night Vision ( Global Version ),8564,0,0
2984,27533342-0199,Doogee,S100 Pro 12/256gb Gold 22000mah (101857),14496,0,0
2985,28789112-0087,Doogee,Fire 3 Pro 4/128Gb Blaze Orange (Global Version) NFC,7848,0,0
2986,28789034-0087,Blackview,Fort 1 6/256Gb Black (Global Version) NFC,9289,0,0
2987,23806207-0486,Sony,Xperia 1 III 12/256GB Purple,29572,0,0
2988,23806269-0486,Samsung,Galaxy Note 20 8/256GB Green (SM-N980FZGGSEK),38698,0,0
2989,23805773-0486,Samsung,Galaxy S10 SM-G973 DS 128GB Red (SM-G973FZRD),21560,0,0
2990,24444676-0248,Uniwa,F2720 black,1493,0,0
2991,24545447-0248,Samsung,Galaxy S22 Ultra SM-S9080 12/256Gb Phantom White,28882,0,0
2992,28925781-4340,Doogee,V Max Play 5G 16/512GB Armor Black ПРОЕКТОР + Night Vision + 2 ПРОЖЕКТОРА (Global Version),34497,0,0
2993,28925017-0248,Motorola,g06 (xt2535-14) 4/256gb tapestry (pba20004ua) без адаптера ua ucrf,6635,0,0
2994,29125055-3025,Iphone,14 Pro 128 e-Sim USA Deep Purple Seller Refurbished,38000,0,2
2995,29186770-0087,Google,Pixel 10 12/256GB Indigo,39235,0,0
2996,29186850-0087,Oukitel,WP23 Plus 8/256Gb Green (Global Version) NFC,8762,0,0
2997,14831950-0087,Samsung,Galaxy S22 5G 8/128GB Phantom Black S9010/DS,21074,0,0
2998,29186782-0087,Ulefone,Armor 29 Pro 16/512GB Marvel Black (Global Version),23526,0,0
2999,29314103-4340,Unihertz,8849 Hike 12/512GB black (Global Version),20812,0,0
